index, utilization.gpu [%], memory.used [MiB], memory.total [MiB]
0, 68 %, 21539 MiB, 23034 MiB
1, 0 %, 0 MiB, 23034 MiB
2, 0 %, 0 MiB, 23034 MiB
3, 20 %, 21539 MiB, 23034 MiB
4, 100 %, 5344 MiB, 23034 MiB
5, 46 %, 21539 MiB, 23034 MiB
0, 62 %, 21539 MiB, 23034 MiB
1, 0 %, 0 MiB, 23034 MiB
2, 0 %, 0 MiB, 23034 MiB
3, 52 %, 21539 MiB, 23034 MiB
4, 100 %, 5344 MiB, 23034 MiB
5, 88 %, 21539 MiB, 23034 MiB
0, 35 %, 21539 MiB, 23034 MiB
1, 0 %, 0 MiB, 23034 MiB
2, 0 %, 0 MiB, 23034 MiB
3, 47 %, 21539 MiB, 23034 MiB
4, 100 %, 5344 MiB, 23034 MiB
5, 78 %, 21539 MiB, 23034 MiB
0, 100 %, 21539 MiB, 23034 MiB
1, 0 %, 0 MiB, 23034 MiB
2, 0 %, 0 MiB, 23034 MiB
3, 100 %, 21539 MiB, 23034 MiB
4, 100 %, 5344 MiB, 23034 MiB
5, 100 %, 21539 MiB, 23034 MiB
0, 75 %, 21539 MiB, 23034 MiB
1, 0 %, 0 MiB, 23034 MiB
2, 0 %, 0 MiB, 23034 MiB
3, 100 %, 21539 MiB, 23034 MiB
4, 100 %, 5344 MiB, 23034 MiB
5, 100 %, 21539 MiB, 23034 MiB
0, 100 %, 21539 MiB, 23034 MiB
1, 0 %, 0 MiB, 23034 MiB
2, 0 %, 0 MiB, 23034 MiB
3, 100 %, 21539 MiB, 23034 MiB
4, 100 %, 5344 MiB, 23034 MiB
5, 0 %, 21539 MiB, 23034 MiB
0, 91 %, 21539 MiB, 23034 MiB
1, 0 %, 0 MiB, 23034 MiB
2, 0 %, 0 MiB, 23034 MiB
3, 100 %, 21539 MiB, 23034 MiB
4, 100 %, 5344 MiB, 23034 MiB
5, 98 %, 21539 MiB, 23034 MiB
0, 90 %, 21539 MiB, 23034 MiB
1, 0 %, 0 MiB, 23034 MiB
2, 0 %, 0 MiB, 23034 MiB
3, 99 %, 21539 MiB, 23034 MiB
4, 100 %, 5344 MiB, 23034 MiB
5, 100 %, 21539 MiB, 23034 MiB
0, 100 %, 21539 MiB, 23034 MiB
1, 0 %, 0 MiB, 23034 MiB
2, 0 %, 0 MiB, 23034 MiB
3, 0 %, 21539 MiB, 23034 MiB
4, 100 %, 5344 MiB, 23034 MiB
5, 31 %, 21539 MiB, 23034 MiB
0, 100 %, 21539 MiB, 23034 MiB
1, 0 %, 0 MiB, 23034 MiB
2, 0 %, 0 MiB, 23034 MiB
3, 91 %, 21539 MiB, 23034 MiB
4, 100 %, 5344 MiB, 23034 MiB
5, 99 %, 21539 MiB, 23034 MiB
0, 94 %, 21539 MiB, 23034 MiB
1, 0 %, 0 MiB, 23034 MiB
2, 0 %, 0 MiB, 23034 MiB
3, 0 %, 21539 MiB, 23034 MiB
4, 100 %, 5344 MiB, 23034 MiB
5, 100 %, 21539 MiB, 23034 MiB
0, 71 %, 21539 MiB, 23034 MiB
1, 0 %, 0 MiB, 23034 MiB
2, 0 %, 0 MiB, 23034 MiB
3, 20 %, 21539 MiB, 23034 MiB
4, 100 %, 5344 MiB, 23034 MiB
5, 48 %, 21539 MiB, 23034 MiB
0, 73 %, 21539 MiB, 23034 MiB
1, 0 %, 0 MiB, 23034 MiB
2, 0 %, 0 MiB, 23034 MiB
3, 100 %, 21539 MiB, 23034 MiB
4, 70 %, 5344 MiB, 23034 MiB
5, 100 %, 21539 MiB, 23034 MiB
0, 100 %, 21539 MiB, 23034 MiB
1, 0 %, 0 MiB, 23034 MiB
2, 0 %, 0 MiB, 23034 MiB
3, 65 %, 21539 MiB, 23034 MiB
4, 0 %, 5344 MiB, 23034 MiB
5, 93 %, 21539 MiB, 23034 MiB
0, 84 %, 21539 MiB, 23034 MiB
1, 0 %, 0 MiB, 23034 MiB
2, 0 %, 0 MiB, 23034 MiB
3, 100 %, 21539 MiB, 23034 MiB
4, 24 %, 5344 MiB, 23034 MiB
5, 99 %, 21539 MiB, 23034 MiB
0, 100 %, 21539 MiB, 23034 MiB
1, 0 %, 0 MiB, 23034 MiB
2, 0 %, 0 MiB, 23034 MiB
3, 100 %, 21539 MiB, 23034 MiB
4, 100 %, 5344 MiB, 23034 MiB
5, 100 %, 21539 MiB, 23034 MiB
0, 100 %, 21539 MiB, 23034 MiB
1, 0 %, 0 MiB, 23034 MiB
2, 0 %, 0 MiB, 23034 MiB
3, 71 %, 21539 MiB, 23034 MiB
4, 100 %, 5344 MiB, 23034 MiB
5, 100 %, 21539 MiB, 23034 MiB
0, 63 %, 21539 MiB, 23034 MiB
1, 0 %, 0 MiB, 23034 MiB
2, 0 %, 0 MiB, 23034 MiB
3, 59 %, 21539 MiB, 23034 MiB
4, 100 %, 5344 MiB, 23034 MiB
5, 100 %, 21539 MiB, 23034 MiB
0, 93 %, 21539 MiB, 23034 MiB
1, 0 %, 0 MiB, 23034 MiB
2, 0 %, 0 MiB, 23034 MiB
3, 100 %, 21539 MiB, 23034 MiB
4, 100 %, 5344 MiB, 23034 MiB
5, 56 %, 21539 MiB, 23034 MiB
0, 0 %, 21539 MiB, 23034 MiB
1, 0 %, 0 MiB, 23034 MiB
2, 0 %, 0 MiB, 23034 MiB
3, 43 %, 21539 MiB, 23034 MiB
4, 100 %, 5344 MiB, 23034 MiB
5, 100 %, 21539 MiB, 23034 MiB
0, 100 %, 21539 MiB, 23034 MiB
1, 0 %, 0 MiB, 23034 MiB
2, 0 %, 0 MiB, 23034 MiB
3, 91 %, 21539 MiB, 23034 MiB
4, 100 %, 5344 MiB, 23034 MiB
5, 82 %, 21539 MiB, 23034 MiB
0, 95 %, 21539 MiB, 23034 MiB
1, 0 %, 0 MiB, 23034 MiB
2, 0 %, 0 MiB, 23034 MiB
3, 38 %, 21539 MiB, 23034 MiB
4, 100 %, 5344 MiB, 23034 MiB
5, 100 %, 21539 MiB, 23034 MiB
0, 90 %, 21539 MiB, 23034 MiB
1, 0 %, 0 MiB, 23034 MiB
2, 0 %, 0 MiB, 23034 MiB
3, 100 %, 21539 MiB, 23034 MiB
4, 100 %, 5344 MiB, 23034 MiB
5, 100 %, 21539 MiB, 23034 MiB
0, 88 %, 21539 MiB, 23034 MiB
1, 0 %, 0 MiB, 23034 MiB
2, 0 %, 0 MiB, 23034 MiB
3, 66 %, 21539 MiB, 23034 MiB
4, 100 %, 5344 MiB, 23034 MiB
5, 50 %, 21539 MiB, 23034 MiB
0, 89 %, 21539 MiB, 23034 MiB
1, 0 %, 0 MiB, 23034 MiB
2, 0 %, 0 MiB, 23034 MiB
3, 85 %, 21539 MiB, 23034 MiB
4, 100 %, 5344 MiB, 23034 MiB
5, 100 %, 21539 MiB, 23034 MiB
0, 100 %, 21539 MiB, 23034 MiB
1, 0 %, 0 MiB, 23034 MiB
2, 0 %, 0 MiB, 23034 MiB
3, 100 %, 21539 MiB, 23034 MiB
4, 100 %, 5344 MiB, 23034 MiB
5, 100 %, 21539 MiB, 23034 MiB
0, 49 %, 21539 MiB, 23034 MiB
1, 0 %, 0 MiB, 23034 MiB
2, 0 %, 0 MiB, 23034 MiB
3, 67 %, 21539 MiB, 23034 MiB
4, 100 %, 5344 MiB, 23034 MiB
5, 91 %, 21539 MiB, 23034 MiB
0, 100 %, 21539 MiB, 23034 MiB
1, 0 %, 0 MiB, 23034 MiB
2, 0 %, 0 MiB, 23034 MiB
3, 100 %, 21539 MiB, 23034 MiB
4, 100 %, 5344 MiB, 23034 MiB
5, 43 %, 21539 MiB, 23034 MiB
0, 100 %, 21539 MiB, 23034 MiB
1, 0 %, 0 MiB, 23034 MiB
2, 0 %, 0 MiB, 23034 MiB
3, 21 %, 21539 MiB, 23034 MiB
4, 100 %, 5344 MiB, 23034 MiB
5, 100 %, 21539 MiB, 23034 MiB
0, 61 %, 21539 MiB, 23034 MiB
1, 0 %, 0 MiB, 23034 MiB
2, 0 %, 0 MiB, 23034 MiB
3, 100 %, 21539 MiB, 23034 MiB
4, 100 %, 5344 MiB, 23034 MiB
5, 45 %, 21539 MiB, 23034 MiB
0, 65 %, 21539 MiB, 23034 MiB
1, 0 %, 0 MiB, 23034 MiB
2, 0 %, 0 MiB, 23034 MiB
3, 100 %, 21539 MiB, 23034 MiB
4, 100 %, 5344 MiB, 23034 MiB
5, 99 %, 21539 MiB, 23034 MiB
0, 100 %, 21539 MiB, 23034 MiB
1, 0 %, 0 MiB, 23034 MiB
2, 0 %, 0 MiB, 23034 MiB
3, 100 %, 21539 MiB, 23034 MiB
4, 100 %, 5344 MiB, 23034 MiB
5, 47 %, 21539 MiB, 23034 MiB
0, 74 %, 21539 MiB, 23034 MiB
1, 0 %, 0 MiB, 23034 MiB
2, 0 %, 0 MiB, 23034 MiB
3, 100 %, 21539 MiB, 23034 MiB
4, 100 %, 5344 MiB, 23034 MiB
5, 37 %, 21539 MiB, 23034 MiB
0, 100 %, 21539 MiB, 23034 MiB
1, 0 %, 0 MiB, 23034 MiB
2, 0 %, 0 MiB, 23034 MiB
3, 50 %, 21539 MiB, 23034 MiB
4, 100 %, 5344 MiB, 23034 MiB
5, 46 %, 21539 MiB, 23034 MiB
0, 50 %, 21539 MiB, 23034 MiB
1, 0 %, 0 MiB, 23034 MiB
2, 0 %, 0 MiB, 23034 MiB
3, 13 %, 21539 MiB, 23034 MiB
4, 100 %, 5344 MiB, 23034 MiB
5, 91 %, 21539 MiB, 23034 MiB
0, 29 %, 21539 MiB, 23034 MiB
1, 0 %, 0 MiB, 23034 MiB
2, 0 %, 0 MiB, 23034 MiB
3, 100 %, 21539 MiB, 23034 MiB
4, 100 %, 5344 MiB, 23034 MiB
5, 100 %, 21539 MiB, 23034 MiB
0, 28 %, 21539 MiB, 23034 MiB
1, 0 %, 0 MiB, 23034 MiB
2, 0 %, 0 MiB, 23034 MiB
3, 99 %, 21539 MiB, 23034 MiB
4, 85 %, 5344 MiB, 23034 MiB
5, 90 %, 21539 MiB, 23034 MiB
0, 100 %, 21539 MiB, 23034 MiB
1, 0 %, 0 MiB, 23034 MiB
2, 0 %, 0 MiB, 23034 MiB
3, 55 %, 21539 MiB, 23034 MiB
4, 0 %, 5344 MiB, 23034 MiB
5, 38 %, 21539 MiB, 23034 MiB
0, 1 %, 21539 MiB, 23034 MiB
1, 0 %, 0 MiB, 23034 MiB
2, 0 %, 0 MiB, 23034 MiB
3, 100 %, 21539 MiB, 23034 MiB
4, 14 %, 5344 MiB, 23034 MiB
5, 100 %, 21539 MiB, 23034 MiB
0, 87 %, 21539 MiB, 23034 MiB
1, 0 %, 0 MiB, 23034 MiB
2, 0 %, 0 MiB, 23034 MiB
3, 96 %, 21539 MiB, 23034 MiB
4, 0 %, 5344 MiB, 23034 MiB
5, 65 %, 21539 MiB, 23034 MiB
0, 84 %, 21539 MiB, 23034 MiB
1, 0 %, 0 MiB, 23034 MiB
2, 0 %, 0 MiB, 23034 MiB
3, 100 %, 21539 MiB, 23034 MiB
4, 0 %, 5344 MiB, 23034 MiB
5, 100 %, 21539 MiB, 23034 MiB
0, 58 %, 21539 MiB, 23034 MiB
1, 0 %, 0 MiB, 23034 MiB
2, 0 %, 0 MiB, 23034 MiB
3, 64 %, 21539 MiB, 23034 MiB
4, 100 %, 5344 MiB, 23034 MiB
5, 69 %, 21539 MiB, 23034 MiB
0, 100 %, 21539 MiB, 23034 MiB
1, 0 %, 0 MiB, 23034 MiB
2, 0 %, 0 MiB, 23034 MiB
3, 100 %, 21539 MiB, 23034 MiB
4, 100 %, 5344 MiB, 23034 MiB
5, 33 %, 21539 MiB, 23034 MiB
0, 59 %, 21539 MiB, 23034 MiB
1, 0 %, 0 MiB, 23034 MiB
2, 0 %, 0 MiB, 23034 MiB
3, 55 %, 21539 MiB, 23034 MiB
4, 90 %, 5344 MiB, 23034 MiB
5, 47 %, 21539 MiB, 23034 MiB
0, 100 %, 21539 MiB, 23034 MiB
1, 0 %, 0 MiB, 23034 MiB
2, 0 %, 0 MiB, 23034 MiB
3, 0 %, 21539 MiB, 23034 MiB
4, 100 %, 5344 MiB, 23034 MiB
5, 100 %, 21539 MiB, 23034 MiB
0, 96 %, 21539 MiB, 23034 MiB
1, 0 %, 0 MiB, 23034 MiB
2, 0 %, 0 MiB, 23034 MiB
3, 100 %, 21539 MiB, 23034 MiB
4, 100 %, 5344 MiB, 23034 MiB
5, 70 %, 21539 MiB, 23034 MiB
0, 90 %, 21539 MiB, 23034 MiB
1, 0 %, 0 MiB, 23034 MiB
2, 0 %, 0 MiB, 23034 MiB
3, 73 %, 21539 MiB, 23034 MiB
4, 100 %, 5344 MiB, 23034 MiB
5, 100 %, 21539 MiB, 23034 MiB
0, 100 %, 21539 MiB, 23034 MiB
1, 0 %, 0 MiB, 23034 MiB
2, 0 %, 0 MiB, 23034 MiB
3, 100 %, 21539 MiB, 23034 MiB
4, 100 %, 5344 MiB, 23034 MiB
5, 100 %, 21539 MiB, 23034 MiB
0, 100 %, 21539 MiB, 23034 MiB
1, 0 %, 0 MiB, 23034 MiB
2, 0 %, 0 MiB, 23034 MiB
3, 100 %, 21539 MiB, 23034 MiB
4, 93 %, 5344 MiB, 23034 MiB
5, 15 %, 21539 MiB, 23034 MiB
0, 100 %, 21539 MiB, 23034 MiB
1, 0 %, 0 MiB, 23034 MiB
2, 0 %, 0 MiB, 23034 MiB
3, 100 %, 21539 MiB, 23034 MiB
4, 0 %, 5344 MiB, 23034 MiB
5, 5 %, 21539 MiB, 23034 MiB
0, 100 %, 21539 MiB, 23034 MiB
1, 0 %, 0 MiB, 23034 MiB
2, 0 %, 0 MiB, 23034 MiB
3, 65 %, 21539 MiB, 23034 MiB
4, 64 %, 5344 MiB, 23034 MiB
5, 87 %, 21539 MiB, 23034 MiB
0, 88 %, 21539 MiB, 23034 MiB
1, 0 %, 0 MiB, 23034 MiB
2, 0 %, 0 MiB, 23034 MiB
3, 100 %, 21539 MiB, 23034 MiB
4, 60 %, 5344 MiB, 23034 MiB
5, 100 %, 21539 MiB, 23034 MiB
0, 6 %, 21539 MiB, 23034 MiB
1, 0 %, 0 MiB, 23034 MiB
2, 0 %, 0 MiB, 23034 MiB
3, 0 %, 21539 MiB, 23034 MiB
4, 43 %, 5344 MiB, 23034 MiB
5, 0 %, 21539 MiB, 23034 MiB
0, 0 %, 21539 MiB, 23034 MiB
1, 0 %, 0 MiB, 23034 MiB
2, 0 %, 0 MiB, 23034 MiB
3, 0 %, 21539 MiB, 23034 MiB
4, 0 %, 5344 MiB, 23034 MiB
5, 0 %, 21539 MiB, 23034 MiB
0, 0 %, 21539 MiB, 23034 MiB
1, 0 %, 0 MiB, 23034 MiB
2, 0 %, 0 MiB, 23034 MiB
3, 100 %, 21539 MiB, 23034 MiB
4, 100 %, 5344 MiB, 23034 MiB
5, 100 %, 21539 MiB, 23034 MiB
0, 0 %, 21539 MiB, 23034 MiB
1, 0 %, 0 MiB, 23034 MiB
2, 0 %, 0 MiB, 23034 MiB
3, 100 %, 21539 MiB, 23034 MiB
4, 100 %, 5344 MiB, 23034 MiB
5, 100 %, 21539 MiB, 23034 MiB
0, 100 %, 21539 MiB, 23034 MiB
1, 0 %, 0 MiB, 23034 MiB
2, 0 %, 0 MiB, 23034 MiB
3, 81 %, 21539 MiB, 23034 MiB
4, 100 %, 5344 MiB, 23034 MiB
5, 100 %, 21539 MiB, 23034 MiB
0, 100 %, 21539 MiB, 23034 MiB
1, 0 %, 0 MiB, 23034 MiB
2, 0 %, 0 MiB, 23034 MiB
3, 100 %, 21539 MiB, 23034 MiB
4, 100 %, 5344 MiB, 23034 MiB
5, 100 %, 21539 MiB, 23034 MiB
0, 100 %, 21539 MiB, 23034 MiB
1, 0 %, 0 MiB, 23034 MiB
2, 0 %, 0 MiB, 23034 MiB
3, 96 %, 21539 MiB, 23034 MiB
4, 100 %, 5344 MiB, 23034 MiB
5, 100 %, 21539 MiB, 23034 MiB
0, 99 %, 21539 MiB, 23034 MiB
1, 0 %, 0 MiB, 23034 MiB
2, 0 %, 0 MiB, 23034 MiB
3, 52 %, 21539 MiB, 23034 MiB
4, 100 %, 5344 MiB, 23034 MiB
5, 86 %, 21539 MiB, 23034 MiB
0, 67 %, 21539 MiB, 23034 MiB
1, 0 %, 0 MiB, 23034 MiB
2, 0 %, 0 MiB, 23034 MiB
3, 100 %, 21539 MiB, 23034 MiB
4, 100 %, 5344 MiB, 23034 MiB
5, 78 %, 21539 MiB, 23034 MiB
0, 100 %, 21539 MiB, 23034 MiB
1, 0 %, 0 MiB, 23034 MiB
2, 0 %, 0 MiB, 23034 MiB
3, 98 %, 21539 MiB, 23034 MiB
4, 100 %, 5344 MiB, 23034 MiB
5, 100 %, 21539 MiB, 23034 MiB
0, 100 %, 21539 MiB, 23034 MiB
1, 0 %, 0 MiB, 23034 MiB
2, 0 %, 0 MiB, 23034 MiB
3, 100 %, 21539 MiB, 23034 MiB
4, 100 %, 5344 MiB, 23034 MiB
5, 100 %, 21539 MiB, 23034 MiB
0, 100 %, 21539 MiB, 23034 MiB
1, 0 %, 0 MiB, 23034 MiB
2, 0 %, 0 MiB, 23034 MiB
3, 100 %, 21539 MiB, 23034 MiB
4, 100 %, 5344 MiB, 23034 MiB
5, 100 %, 21539 MiB, 23034 MiB
0, 100 %, 21539 MiB, 23034 MiB
1, 0 %, 0 MiB, 23034 MiB
2, 0 %, 0 MiB, 23034 MiB
3, 100 %, 21539 MiB, 23034 MiB
4, 100 %, 5344 MiB, 23034 MiB
5, 100 %, 21539 MiB, 23034 MiB
0, 100 %, 21539 MiB, 23034 MiB
1, 0 %, 0 MiB, 23034 MiB
2, 0 %, 0 MiB, 23034 MiB
3, 91 %, 21539 MiB, 23034 MiB
4, 74 %, 5344 MiB, 23034 MiB
5, 57 %, 21539 MiB, 23034 MiB
0, 100 %, 21539 MiB, 23034 MiB
1, 0 %, 0 MiB, 23034 MiB
2, 0 %, 0 MiB, 23034 MiB
3, 100 %, 21539 MiB, 23034 MiB
4, 0 %, 5344 MiB, 23034 MiB
5, 100 %, 21539 MiB, 23034 MiB
0, 97 %, 21539 MiB, 23034 MiB
1, 0 %, 0 MiB, 23034 MiB
2, 0 %, 0 MiB, 23034 MiB
3, 97 %, 21539 MiB, 23034 MiB
4, 42 %, 5344 MiB, 23034 MiB
5, 100 %, 21539 MiB, 23034 MiB
0, 100 %, 21539 MiB, 23034 MiB
1, 0 %, 0 MiB, 23034 MiB
2, 0 %, 0 MiB, 23034 MiB
3, 100 %, 21539 MiB, 23034 MiB
4, 33 %, 5344 MiB, 23034 MiB
5, 97 %, 21539 MiB, 23034 MiB
0, 100 %, 21539 MiB, 23034 MiB
1, 0 %, 0 MiB, 23034 MiB
2, 0 %, 0 MiB, 23034 MiB
3, 100 %, 21539 MiB, 23034 MiB
4, 0 %, 5344 MiB, 23034 MiB
5, 100 %, 21539 MiB, 23034 MiB
0, 100 %, 21539 MiB, 23034 MiB
1, 0 %, 0 MiB, 23034 MiB
2, 0 %, 0 MiB, 23034 MiB
3, 100 %, 21539 MiB, 23034 MiB
4, 0 %, 5344 MiB, 23034 MiB
5, 100 %, 21539 MiB, 23034 MiB
0, 100 %, 21539 MiB, 23034 MiB
1, 0 %, 0 MiB, 23034 MiB
2, 0 %, 0 MiB, 23034 MiB
3, 100 %, 21539 MiB, 23034 MiB
4, 0 %, 5344 MiB, 23034 MiB
5, 81 %, 21539 MiB, 23034 MiB
0, 88 %, 21539 MiB, 23034 MiB
1, 0 %, 0 MiB, 23034 MiB
2, 0 %, 0 MiB, 23034 MiB
3, 87 %, 21539 MiB, 23034 MiB
4, 45 %, 5344 MiB, 23034 MiB
5, 81 %, 21539 MiB, 23034 MiB
0, 70 %, 21539 MiB, 23034 MiB
1, 0 %, 0 MiB, 23034 MiB
2, 0 %, 0 MiB, 23034 MiB
3, 64 %, 21539 MiB, 23034 MiB
4, 55 %, 5344 MiB, 23034 MiB
5, 100 %, 21539 MiB, 23034 MiB
0, 100 %, 21539 MiB, 23034 MiB
1, 0 %, 0 MiB, 23034 MiB
2, 0 %, 0 MiB, 23034 MiB
3, 97 %, 21539 MiB, 23034 MiB
4, 87 %, 5344 MiB, 23034 MiB
5, 100 %, 21539 MiB, 23034 MiB
0, 100 %, 21539 MiB, 23034 MiB
1, 0 %, 0 MiB, 23034 MiB
2, 0 %, 0 MiB, 23034 MiB
3, 100 %, 21539 MiB, 23034 MiB
4, 100 %, 5344 MiB, 23034 MiB
5, 97 %, 21539 MiB, 23034 MiB
0, 98 %, 21539 MiB, 23034 MiB
1, 0 %, 0 MiB, 23034 MiB
2, 0 %, 0 MiB, 23034 MiB
3, 100 %, 21539 MiB, 23034 MiB
4, 100 %, 5344 MiB, 23034 MiB
5, 100 %, 21539 MiB, 23034 MiB
0, 100 %, 21539 MiB, 23034 MiB
1, 0 %, 0 MiB, 23034 MiB
2, 0 %, 0 MiB, 23034 MiB
3, 100 %, 21539 MiB, 23034 MiB
4, 100 %, 5344 MiB, 23034 MiB
5, 100 %, 21539 MiB, 23034 MiB
0, 100 %, 21539 MiB, 23034 MiB
1, 0 %, 0 MiB, 23034 MiB
2, 0 %, 0 MiB, 23034 MiB
3, 100 %, 21539 MiB, 23034 MiB
4, 100 %, 5344 MiB, 23034 MiB
5, 100 %, 21539 MiB, 23034 MiB
0, 100 %, 21539 MiB, 23034 MiB
1, 0 %, 0 MiB, 23034 MiB
2, 0 %, 0 MiB, 23034 MiB
3, 53 %, 21539 MiB, 23034 MiB
4, 0 %, 5344 MiB, 23034 MiB
5, 100 %, 21539 MiB, 23034 MiB
0, 100 %, 21539 MiB, 23034 MiB
1, 0 %, 0 MiB, 23034 MiB
2, 0 %, 0 MiB, 23034 MiB
3, 100 %, 21539 MiB, 23034 MiB
4, 80 %, 5344 MiB, 23034 MiB
5, 100 %, 21539 MiB, 23034 MiB
0, 97 %, 21539 MiB, 23034 MiB
1, 0 %, 0 MiB, 23034 MiB
2, 0 %, 0 MiB, 23034 MiB
3, 100 %, 21539 MiB, 23034 MiB
4, 100 %, 5344 MiB, 23034 MiB
5, 97 %, 21539 MiB, 23034 MiB
0, 100 %, 21539 MiB, 23034 MiB
1, 0 %, 0 MiB, 23034 MiB
2, 0 %, 0 MiB, 23034 MiB
3, 97 %, 21539 MiB, 23034 MiB
4, 100 %, 5344 MiB, 23034 MiB
5, 100 %, 21539 MiB, 23034 MiB
0, 100 %, 21539 MiB, 23034 MiB
1, 0 %, 0 MiB, 23034 MiB
2, 0 %, 0 MiB, 23034 MiB
3, 100 %, 21539 MiB, 23034 MiB
4, 100 %, 5344 MiB, 23034 MiB
5, 100 %, 21539 MiB, 23034 MiB
0, 100 %, 21539 MiB, 23034 MiB
1, 0 %, 0 MiB, 23034 MiB
2, 0 %, 0 MiB, 23034 MiB
3, 100 %, 21539 MiB, 23034 MiB
4, 100 %, 5344 MiB, 23034 MiB
5, 100 %, 21539 MiB, 23034 MiB
0, 100 %, 21539 MiB, 23034 MiB
1, 0 %, 0 MiB, 23034 MiB
2, 0 %, 0 MiB, 23034 MiB
3, 100 %, 21539 MiB, 23034 MiB
4, 100 %, 5344 MiB, 23034 MiB
5, 100 %, 21539 MiB, 23034 MiB
0, 95 %, 21539 MiB, 23034 MiB
1, 0 %, 0 MiB, 23034 MiB
2, 0 %, 0 MiB, 23034 MiB
3, 55 %, 21539 MiB, 23034 MiB
4, 100 %, 5344 MiB, 23034 MiB
5, 76 %, 21539 MiB, 23034 MiB
0, 61 %, 21539 MiB, 23034 MiB
1, 0 %, 0 MiB, 23034 MiB
2, 0 %, 0 MiB, 23034 MiB
3, 100 %, 21539 MiB, 23034 MiB
4, 100 %, 5344 MiB, 23034 MiB
5, 89 %, 21539 MiB, 23034 MiB
0, 100 %, 21539 MiB, 23034 MiB
1, 0 %, 0 MiB, 23034 MiB
2, 0 %, 0 MiB, 23034 MiB
3, 100 %, 21539 MiB, 23034 MiB
4, 100 %, 5344 MiB, 23034 MiB
5, 100 %, 21539 MiB, 23034 MiB
0, 100 %, 21539 MiB, 23034 MiB
1, 0 %, 0 MiB, 23034 MiB
2, 0 %, 0 MiB, 23034 MiB
3, 98 %, 21539 MiB, 23034 MiB
4, 100 %, 5344 MiB, 23034 MiB
5, 97 %, 21539 MiB, 23034 MiB
0, 100 %, 21539 MiB, 23034 MiB
1, 0 %, 0 MiB, 23034 MiB
2, 0 %, 0 MiB, 23034 MiB
3, 100 %, 21539 MiB, 23034 MiB
4, 100 %, 5344 MiB, 23034 MiB
5, 100 %, 21539 MiB, 23034 MiB
0, 100 %, 21539 MiB, 23034 MiB
1, 0 %, 0 MiB, 23034 MiB
2, 0 %, 0 MiB, 23034 MiB
3, 100 %, 21539 MiB, 23034 MiB
4, 88 %, 5344 MiB, 23034 MiB
5, 100 %, 21539 MiB, 23034 MiB
0, 100 %, 21539 MiB, 23034 MiB
1, 0 %, 0 MiB, 23034 MiB
2, 0 %, 0 MiB, 23034 MiB
3, 100 %, 21539 MiB, 23034 MiB
4, 100 %, 5344 MiB, 23034 MiB
5, 100 %, 21539 MiB, 23034 MiB
0, 60 %, 21539 MiB, 23034 MiB
1, 0 %, 0 MiB, 23034 MiB
2, 0 %, 0 MiB, 23034 MiB
3, 100 %, 21539 MiB, 23034 MiB
4, 100 %, 5344 MiB, 23034 MiB
5, 50 %, 21539 MiB, 23034 MiB
0, 100 %, 21539 MiB, 23034 MiB
1, 0 %, 0 MiB, 23034 MiB
2, 0 %, 0 MiB, 23034 MiB
3, 54 %, 21539 MiB, 23034 MiB
4, 100 %, 5344 MiB, 23034 MiB
5, 100 %, 21539 MiB, 23034 MiB
0, 100 %, 21539 MiB, 23034 MiB
1, 0 %, 0 MiB, 23034 MiB
2, 0 %, 0 MiB, 23034 MiB
3, 100 %, 21539 MiB, 23034 MiB
4, 100 %, 5344 MiB, 23034 MiB
5, 100 %, 21539 MiB, 23034 MiB
0, 98 %, 21539 MiB, 23034 MiB
1, 0 %, 0 MiB, 23034 MiB
2, 0 %, 0 MiB, 23034 MiB
3, 100 %, 21539 MiB, 23034 MiB
4, 100 %, 5344 MiB, 23034 MiB
5, 97 %, 21539 MiB, 23034 MiB
0, 100 %, 21539 MiB, 23034 MiB
1, 0 %, 0 MiB, 23034 MiB
2, 0 %, 0 MiB, 23034 MiB
3, 100 %, 21539 MiB, 23034 MiB
4, 100 %, 5344 MiB, 23034 MiB
5, 100 %, 21539 MiB, 23034 MiB
0, 100 %, 21539 MiB, 23034 MiB
1, 0 %, 0 MiB, 23034 MiB
2, 0 %, 0 MiB, 23034 MiB
3, 100 %, 21539 MiB, 23034 MiB
4, 100 %, 5344 MiB, 23034 MiB
5, 100 %, 21539 MiB, 23034 MiB
0, 100 %, 21539 MiB, 23034 MiB
1, 0 %, 0 MiB, 23034 MiB
2, 0 %, 0 MiB, 23034 MiB
3, 100 %, 21539 MiB, 23034 MiB
4, 100 %, 5344 MiB, 23034 MiB
5, 100 %, 21539 MiB, 23034 MiB
0, 100 %, 21539 MiB, 23034 MiB
1, 0 %, 0 MiB, 23034 MiB
2, 0 %, 0 MiB, 23034 MiB
3, 100 %, 21539 MiB, 23034 MiB
4, 100 %, 5344 MiB, 23034 MiB
5, 100 %, 21539 MiB, 23034 MiB
0, 90 %, 21539 MiB, 23034 MiB
1, 0 %, 0 MiB, 23034 MiB
2, 0 %, 0 MiB, 23034 MiB
3, 100 %, 21539 MiB, 23034 MiB
4, 100 %, 5344 MiB, 23034 MiB
5, 74 %, 21539 MiB, 23034 MiB
0, 74 %, 21539 MiB, 23034 MiB
1, 0 %, 0 MiB, 23034 MiB
2, 0 %, 0 MiB, 23034 MiB
3, 84 %, 21539 MiB, 23034 MiB
4, 100 %, 5344 MiB, 23034 MiB
5, 93 %, 21539 MiB, 23034 MiB
0, 100 %, 21539 MiB, 23034 MiB
1, 0 %, 0 MiB, 23034 MiB
2, 0 %, 0 MiB, 23034 MiB
3, 100 %, 21539 MiB, 23034 MiB
4, 100 %, 5344 MiB, 23034 MiB
5, 100 %, 21539 MiB, 23034 MiB
0, 96 %, 21539 MiB, 23034 MiB
1, 0 %, 0 MiB, 23034 MiB
2, 0 %, 0 MiB, 23034 MiB
3, 97 %, 21539 MiB, 23034 MiB
4, 100 %, 5344 MiB, 23034 MiB
5, 97 %, 21539 MiB, 23034 MiB
0, 100 %, 21539 MiB, 23034 MiB
1, 0 %, 0 MiB, 23034 MiB
2, 0 %, 0 MiB, 23034 MiB
3, 100 %, 21539 MiB, 23034 MiB
4, 100 %, 5344 MiB, 23034 MiB
5, 100 %, 21539 MiB, 23034 MiB
0, 100 %, 21539 MiB, 23034 MiB
1, 0 %, 0 MiB, 23034 MiB
2, 0 %, 0 MiB, 23034 MiB
3, 100 %, 21539 MiB, 23034 MiB
4, 100 %, 5344 MiB, 23034 MiB
5, 100 %, 21539 MiB, 23034 MiB
0, 100 %, 21539 MiB, 23034 MiB
1, 0 %, 0 MiB, 23034 MiB
2, 0 %, 0 MiB, 23034 MiB
3, 100 %, 21539 MiB, 23034 MiB
4, 100 %, 5344 MiB, 23034 MiB
5, 68 %, 21539 MiB, 23034 MiB
0, 49 %, 21539 MiB, 23034 MiB
1, 0 %, 0 MiB, 23034 MiB
2, 0 %, 0 MiB, 23034 MiB
3, 47 %, 21539 MiB, 23034 MiB
4, 100 %, 5344 MiB, 23034 MiB
5, 100 %, 21539 MiB, 23034 MiB
0, 100 %, 21539 MiB, 23034 MiB
1, 0 %, 0 MiB, 23034 MiB
2, 0 %, 0 MiB, 23034 MiB
3, 98 %, 21539 MiB, 23034 MiB
4, 100 %, 5344 MiB, 23034 MiB
5, 100 %, 21539 MiB, 23034 MiB
0, 100 %, 21539 MiB, 23034 MiB
1, 0 %, 0 MiB, 23034 MiB
2, 0 %, 0 MiB, 23034 MiB
3, 100 %, 21539 MiB, 23034 MiB
4, 92 %, 5344 MiB, 23034 MiB
5, 97 %, 21539 MiB, 23034 MiB
0, 97 %, 21539 MiB, 23034 MiB
1, 0 %, 0 MiB, 23034 MiB
2, 0 %, 0 MiB, 23034 MiB
3, 100 %, 21539 MiB, 23034 MiB
4, 100 %, 5344 MiB, 23034 MiB
5, 100 %, 21539 MiB, 23034 MiB
0, 100 %, 21539 MiB, 23034 MiB
1, 0 %, 0 MiB, 23034 MiB
2, 0 %, 0 MiB, 23034 MiB
3, 100 %, 21539 MiB, 23034 MiB
4, 100 %, 5344 MiB, 23034 MiB
5, 100 %, 21539 MiB, 23034 MiB
0, 100 %, 21539 MiB, 23034 MiB
1, 0 %, 0 MiB, 23034 MiB
2, 0 %, 0 MiB, 23034 MiB
3, 100 %, 21539 MiB, 23034 MiB
4, 100 %, 5344 MiB, 23034 MiB
5, 100 %, 21539 MiB, 23034 MiB
0, 100 %, 21539 MiB, 23034 MiB
1, 0 %, 0 MiB, 23034 MiB
2, 0 %, 0 MiB, 23034 MiB
3, 86 %, 21539 MiB, 23034 MiB
4, 100 %, 5344 MiB, 23034 MiB
5, 100 %, 21539 MiB, 23034 MiB
0, 100 %, 21539 MiB, 23034 MiB
1, 0 %, 0 MiB, 23034 MiB
2, 0 %, 0 MiB, 23034 MiB
3, 94 %, 21539 MiB, 23034 MiB
4, 100 %, 5344 MiB, 23034 MiB
5, 49 %, 21539 MiB, 23034 MiB
0, 95 %, 21539 MiB, 23034 MiB
1, 0 %, 0 MiB, 23034 MiB
2, 0 %, 0 MiB, 23034 MiB
3, 100 %, 21539 MiB, 23034 MiB
4, 100 %, 5344 MiB, 23034 MiB
5, 100 %, 21539 MiB, 23034 MiB
0, 100 %, 21539 MiB, 23034 MiB
1, 0 %, 0 MiB, 23034 MiB
2, 0 %, 0 MiB, 23034 MiB
3, 98 %, 21539 MiB, 23034 MiB
4, 100 %, 5344 MiB, 23034 MiB
5, 100 %, 21539 MiB, 23034 MiB
0, 98 %, 21539 MiB, 23034 MiB
1, 0 %, 0 MiB, 23034 MiB
2, 0 %, 0 MiB, 23034 MiB
3, 100 %, 21539 MiB, 23034 MiB
4, 100 %, 5344 MiB, 23034 MiB
5, 100 %, 21539 MiB, 23034 MiB
0, 100 %, 21539 MiB, 23034 MiB
1, 0 %, 0 MiB, 23034 MiB
2, 0 %, 0 MiB, 23034 MiB
3, 100 %, 21539 MiB, 23034 MiB
4, 100 %, 5344 MiB, 23034 MiB
5, 100 %, 21539 MiB, 23034 MiB
0, 100 %, 21539 MiB, 23034 MiB
1, 0 %, 0 MiB, 23034 MiB
2, 0 %, 0 MiB, 23034 MiB
3, 100 %, 21539 MiB, 23034 MiB
4, 100 %, 5344 MiB, 23034 MiB
5, 100 %, 21539 MiB, 23034 MiB
0, 95 %, 21539 MiB, 23034 MiB
1, 0 %, 0 MiB, 23034 MiB
2, 0 %, 0 MiB, 23034 MiB
3, 100 %, 21539 MiB, 23034 MiB
4, 100 %, 5344 MiB, 23034 MiB
5, 80 %, 21539 MiB, 23034 MiB
0, 62 %, 21539 MiB, 23034 MiB
1, 0 %, 0 MiB, 23034 MiB
2, 0 %, 0 MiB, 23034 MiB
3, 100 %, 21539 MiB, 23034 MiB
4, 100 %, 5344 MiB, 23034 MiB
5, 92 %, 21539 MiB, 23034 MiB
0, 100 %, 21539 MiB, 23034 MiB
1, 0 %, 0 MiB, 23034 MiB
2, 0 %, 0 MiB, 23034 MiB
3, 100 %, 21539 MiB, 23034 MiB
4, 100 %, 5344 MiB, 23034 MiB
5, 100 %, 21539 MiB, 23034 MiB
0, 100 %, 21539 MiB, 23034 MiB
1, 0 %, 0 MiB, 23034 MiB
2, 0 %, 0 MiB, 23034 MiB
3, 98 %, 21539 MiB, 23034 MiB
4, 100 %, 5344 MiB, 23034 MiB
5, 97 %, 21539 MiB, 23034 MiB
0, 100 %, 21539 MiB, 23034 MiB
1, 0 %, 0 MiB, 23034 MiB
2, 0 %, 0 MiB, 23034 MiB
3, 100 %, 21539 MiB, 23034 MiB
4, 100 %, 5344 MiB, 23034 MiB
5, 100 %, 21539 MiB, 23034 MiB
0, 100 %, 21539 MiB, 23034 MiB
1, 0 %, 0 MiB, 23034 MiB
2, 0 %, 0 MiB, 23034 MiB
3, 100 %, 21539 MiB, 23034 MiB
4, 100 %, 5344 MiB, 23034 MiB
5, 100 %, 21539 MiB, 23034 MiB
0, 100 %, 21539 MiB, 23034 MiB
1, 0 %, 0 MiB, 23034 MiB
2, 0 %, 0 MiB, 23034 MiB
3, 100 %, 21539 MiB, 23034 MiB
4, 100 %, 5344 MiB, 23034 MiB
5, 100 %, 21539 MiB, 23034 MiB
0, 54 %, 21539 MiB, 23034 MiB
1, 0 %, 0 MiB, 23034 MiB
2, 0 %, 0 MiB, 23034 MiB
3, 100 %, 21539 MiB, 23034 MiB
4, 100 %, 5344 MiB, 23034 MiB
5, 53 %, 21539 MiB, 23034 MiB
0, 100 %, 21539 MiB, 23034 MiB
1, 0 %, 0 MiB, 23034 MiB
2, 0 %, 0 MiB, 23034 MiB
3, 61 %, 21539 MiB, 23034 MiB
4, 100 %, 5344 MiB, 23034 MiB
5, 100 %, 21539 MiB, 23034 MiB
0, 100 %, 21539 MiB, 23034 MiB
1, 0 %, 0 MiB, 23034 MiB
2, 0 %, 0 MiB, 23034 MiB
3, 100 %, 21539 MiB, 23034 MiB
4, 100 %, 5344 MiB, 23034 MiB
5, 100 %, 21539 MiB, 23034 MiB
0, 97 %, 21539 MiB, 23034 MiB
1, 0 %, 0 MiB, 23034 MiB
2, 0 %, 0 MiB, 23034 MiB
3, 100 %, 21539 MiB, 23034 MiB
4, 100 %, 5344 MiB, 23034 MiB
5, 97 %, 21539 MiB, 23034 MiB
0, 100 %, 21539 MiB, 23034 MiB
1, 0 %, 0 MiB, 23034 MiB
2, 0 %, 0 MiB, 23034 MiB
3, 100 %, 21539 MiB, 23034 MiB
4, 100 %, 5344 MiB, 23034 MiB
5, 100 %, 21539 MiB, 23034 MiB
0, 100 %, 21539 MiB, 23034 MiB
1, 0 %, 0 MiB, 23034 MiB
2, 0 %, 0 MiB, 23034 MiB
3, 100 %, 21539 MiB, 23034 MiB
4, 100 %, 5344 MiB, 23034 MiB
5, 100 %, 21539 MiB, 23034 MiB
0, 100 %, 21539 MiB, 23034 MiB
1, 0 %, 0 MiB, 23034 MiB
2, 0 %, 0 MiB, 23034 MiB
3, 100 %, 21539 MiB, 23034 MiB
4, 100 %, 5344 MiB, 23034 MiB
5, 100 %, 21539 MiB, 23034 MiB
0, 100 %, 21539 MiB, 23034 MiB
1, 0 %, 0 MiB, 23034 MiB
2, 0 %, 0 MiB, 23034 MiB
3, 71 %, 21539 MiB, 23034 MiB
4, 100 %, 5344 MiB, 23034 MiB
5, 100 %, 21539 MiB, 23034 MiB
0, 65 %, 21539 MiB, 23034 MiB
1, 0 %, 0 MiB, 23034 MiB
2, 0 %, 0 MiB, 23034 MiB
3, 98 %, 21539 MiB, 23034 MiB
4, 100 %, 5344 MiB, 23034 MiB
5, 100 %, 21539 MiB, 23034 MiB
0, 99 %, 21539 MiB, 23034 MiB
1, 0 %, 0 MiB, 23034 MiB
2, 0 %, 0 MiB, 23034 MiB
3, 100 %, 21539 MiB, 23034 MiB
4, 100 %, 5344 MiB, 23034 MiB
5, 98 %, 21539 MiB, 23034 MiB
0, 100 %, 21539 MiB, 23034 MiB
1, 0 %, 0 MiB, 23034 MiB
2, 0 %, 0 MiB, 23034 MiB
3, 100 %, 21539 MiB, 23034 MiB
4, 100 %, 5344 MiB, 23034 MiB
5, 100 %, 21539 MiB, 23034 MiB
0, 100 %, 21539 MiB, 23034 MiB
1, 0 %, 0 MiB, 23034 MiB
2, 0 %, 0 MiB, 23034 MiB
3, 100 %, 21539 MiB, 23034 MiB
4, 100 %, 5344 MiB, 23034 MiB
5, 100 %, 21539 MiB, 23034 MiB
0, 100 %, 21539 MiB, 23034 MiB
1, 0 %, 0 MiB, 23034 MiB
2, 0 %, 0 MiB, 23034 MiB
3, 100 %, 21539 MiB, 23034 MiB
4, 100 %, 5344 MiB, 23034 MiB
5, 100 %, 21539 MiB, 23034 MiB
0, 66 %, 21539 MiB, 23034 MiB
1, 0 %, 0 MiB, 23034 MiB
2, 0 %, 0 MiB, 23034 MiB
3, 52 %, 21539 MiB, 23034 MiB
4, 100 %, 5344 MiB, 23034 MiB
5, 99 %, 21539 MiB, 23034 MiB
0, 100 %, 21539 MiB, 23034 MiB
1, 0 %, 0 MiB, 23034 MiB
2, 0 %, 0 MiB, 23034 MiB
3, 100 %, 21539 MiB, 23034 MiB
4, 100 %, 5344 MiB, 23034 MiB
5, 66 %, 21539 MiB, 23034 MiB
0, 100 %, 21539 MiB, 23034 MiB
1, 0 %, 0 MiB, 23034 MiB
2, 0 %, 0 MiB, 23034 MiB
3, 100 %, 21539 MiB, 23034 MiB
4, 100 %, 5344 MiB, 23034 MiB
5, 100 %, 21539 MiB, 23034 MiB
0, 97 %, 21539 MiB, 23034 MiB
1, 0 %, 0 MiB, 23034 MiB
2, 0 %, 0 MiB, 23034 MiB
3, 98 %, 21539 MiB, 23034 MiB
4, 100 %, 5344 MiB, 23034 MiB
5, 100 %, 21539 MiB, 23034 MiB
0, 100 %, 21539 MiB, 23034 MiB
1, 0 %, 0 MiB, 23034 MiB
2, 0 %, 0 MiB, 23034 MiB
3, 100 %, 21539 MiB, 23034 MiB
4, 100 %, 5344 MiB, 23034 MiB
5, 100 %, 21539 MiB, 23034 MiB
0, 100 %, 21539 MiB, 23034 MiB
1, 0 %, 0 MiB, 23034 MiB
2, 0 %, 0 MiB, 23034 MiB
3, 100 %, 21539 MiB, 23034 MiB
4, 100 %, 5344 MiB, 23034 MiB
5, 100 %, 21539 MiB, 23034 MiB
0, 87 %, 21539 MiB, 23034 MiB
1, 0 %, 0 MiB, 23034 MiB
2, 0 %, 0 MiB, 23034 MiB
3, 80 %, 21539 MiB, 23034 MiB
4, 100 %, 5344 MiB, 23034 MiB
5, 100 %, 21539 MiB, 23034 MiB
0, 71 %, 21539 MiB, 23034 MiB
1, 0 %, 0 MiB, 23034 MiB
2, 0 %, 0 MiB, 23034 MiB
3, 80 %, 21539 MiB, 23034 MiB
4, 100 %, 5344 MiB, 23034 MiB
5, 56 %, 21539 MiB, 23034 MiB
0, 100 %, 21539 MiB, 23034 MiB
1, 0 %, 0 MiB, 23034 MiB
2, 0 %, 0 MiB, 23034 MiB
3, 100 %, 21539 MiB, 23034 MiB
4, 2 %, 5344 MiB, 23034 MiB
5, 98 %, 21539 MiB, 23034 MiB
0, 98 %, 21539 MiB, 23034 MiB
1, 0 %, 0 MiB, 23034 MiB
2, 0 %, 0 MiB, 23034 MiB
3, 97 %, 21539 MiB, 23034 MiB
4, 100 %, 5344 MiB, 23034 MiB
5, 100 %, 21539 MiB, 23034 MiB
0, 100 %, 21539 MiB, 23034 MiB
1, 0 %, 0 MiB, 23034 MiB
2, 0 %, 0 MiB, 23034 MiB
3, 100 %, 21539 MiB, 23034 MiB
4, 87 %, 5344 MiB, 23034 MiB
5, 100 %, 21539 MiB, 23034 MiB
0, 100 %, 21539 MiB, 23034 MiB
1, 0 %, 0 MiB, 23034 MiB
2, 0 %, 0 MiB, 23034 MiB
3, 100 %, 21539 MiB, 23034 MiB
4, 81 %, 5344 MiB, 23034 MiB
5, 100 %, 21539 MiB, 23034 MiB
0, 100 %, 21539 MiB, 23034 MiB
1, 0 %, 0 MiB, 23034 MiB
2, 0 %, 0 MiB, 23034 MiB
3, 100 %, 21539 MiB, 23034 MiB
4, 28 %, 5344 MiB, 23034 MiB
5, 100 %, 21539 MiB, 23034 MiB
0, 98 %, 21539 MiB, 23034 MiB
1, 0 %, 0 MiB, 23034 MiB
2, 0 %, 0 MiB, 23034 MiB
3, 100 %, 21539 MiB, 23034 MiB
4, 0 %, 5344 MiB, 23034 MiB
5, 77 %, 21539 MiB, 23034 MiB
0, 55 %, 21539 MiB, 23034 MiB
1, 0 %, 0 MiB, 23034 MiB
2, 0 %, 0 MiB, 23034 MiB
3, 97 %, 21539 MiB, 23034 MiB
4, 9 %, 5344 MiB, 23034 MiB
5, 68 %, 21539 MiB, 23034 MiB
0, 100 %, 21539 MiB, 23034 MiB
1, 0 %, 0 MiB, 23034 MiB
2, 0 %, 0 MiB, 23034 MiB
3, 81 %, 21539 MiB, 23034 MiB
4, 100 %, 5344 MiB, 23034 MiB
5, 100 %, 21539 MiB, 23034 MiB
0, 100 %, 21539 MiB, 23034 MiB
1, 0 %, 0 MiB, 23034 MiB
2, 0 %, 0 MiB, 23034 MiB
3, 100 %, 21539 MiB, 23034 MiB
4, 100 %, 5344 MiB, 23034 MiB
5, 98 %, 21539 MiB, 23034 MiB
0, 98 %, 21539 MiB, 23034 MiB
1, 0 %, 0 MiB, 23034 MiB
2, 0 %, 0 MiB, 23034 MiB
3, 100 %, 21539 MiB, 23034 MiB
4, 100 %, 5344 MiB, 23034 MiB
5, 100 %, 21539 MiB, 23034 MiB
0, 100 %, 21539 MiB, 23034 MiB
1, 0 %, 0 MiB, 23034 MiB
2, 0 %, 0 MiB, 23034 MiB
3, 100 %, 21539 MiB, 23034 MiB
4, 100 %, 5344 MiB, 23034 MiB
5, 100 %, 21539 MiB, 23034 MiB
0, 100 %, 21539 MiB, 23034 MiB
1, 0 %, 0 MiB, 23034 MiB
2, 0 %, 0 MiB, 23034 MiB
3, 100 %, 21539 MiB, 23034 MiB
4, 100 %, 5344 MiB, 23034 MiB
5, 100 %, 21539 MiB, 23034 MiB
0, 57 %, 21539 MiB, 23034 MiB
1, 0 %, 0 MiB, 23034 MiB
2, 0 %, 0 MiB, 23034 MiB
3, 100 %, 21539 MiB, 23034 MiB
4, 100 %, 5344 MiB, 23034 MiB
5, 100 %, 21539 MiB, 23034 MiB
0, 100 %, 21539 MiB, 23034 MiB
1, 0 %, 0 MiB, 23034 MiB
2, 0 %, 0 MiB, 23034 MiB
3, 63 %, 21539 MiB, 23034 MiB
4, 100 %, 5344 MiB, 23034 MiB
5, 93 %, 21539 MiB, 23034 MiB
0, 100 %, 21539 MiB, 23034 MiB
1, 0 %, 3 MiB, 23034 MiB
2, 0 %, 194 MiB, 23034 MiB
3, 100 %, 21539 MiB, 23034 MiB
4, 100 %, 5344 MiB, 23034 MiB
5, 60 %, 21539 MiB, 23034 MiB
0, 97 %, 21539 MiB, 23034 MiB
1, 0 %, 3 MiB, 23034 MiB
2, 0 %, 194 MiB, 23034 MiB
3, 100 %, 21539 MiB, 23034 MiB
4, 100 %, 5344 MiB, 23034 MiB
5, 100 %, 21539 MiB, 23034 MiB
0, 100 %, 21539 MiB, 23034 MiB
1, 0 %, 3 MiB, 23034 MiB
2, 0 %, 194 MiB, 23034 MiB
3, 98 %, 21539 MiB, 23034 MiB
4, 100 %, 5344 MiB, 23034 MiB
5, 100 %, 21539 MiB, 23034 MiB
0, 100 %, 21539 MiB, 23034 MiB
1, 0 %, 3 MiB, 23034 MiB
2, 0 %, 194 MiB, 23034 MiB
3, 100 %, 21539 MiB, 23034 MiB
4, 100 %, 5344 MiB, 23034 MiB
5, 100 %, 21539 MiB, 23034 MiB
0, 100 %, 21539 MiB, 23034 MiB
1, 0 %, 3 MiB, 23034 MiB
2, 0 %, 194 MiB, 23034 MiB
3, 100 %, 21539 MiB, 23034 MiB
4, 100 %, 5344 MiB, 23034 MiB
5, 100 %, 21539 MiB, 23034 MiB
0, 100 %, 21539 MiB, 23034 MiB
1, 1 %, 22337 MiB, 23034 MiB
2, 53 %, 22337 MiB, 23034 MiB
3, 100 %, 21539 MiB, 23034 MiB
4, 100 %, 5344 MiB, 23034 MiB
5, 100 %, 21539 MiB, 23034 MiB
0, 88 %, 21539 MiB, 23034 MiB
1, 100 %, 21911 MiB, 23034 MiB
2, 100 %, 21911 MiB, 23034 MiB
3, 100 %, 21539 MiB, 23034 MiB
4, 100 %, 5344 MiB, 23034 MiB
5, 100 %, 21539 MiB, 23034 MiB
0, 65 %, 21539 MiB, 23034 MiB
1, 100 %, 21947 MiB, 23034 MiB
2, 100 %, 21947 MiB, 23034 MiB
3, 76 %, 21539 MiB, 23034 MiB
4, 87 %, 5344 MiB, 23034 MiB
5, 100 %, 21539 MiB, 23034 MiB
0, 100 %, 21539 MiB, 23034 MiB
1, 100 %, 21973 MiB, 23034 MiB
2, 100 %, 21973 MiB, 23034 MiB
3, 87 %, 21539 MiB, 23034 MiB
4, 84 %, 5344 MiB, 23034 MiB
5, 49 %, 21539 MiB, 23034 MiB
0, 97 %, 21539 MiB, 23034 MiB
1, 100 %, 21973 MiB, 23034 MiB
2, 100 %, 21973 MiB, 23034 MiB
3, 100 %, 21539 MiB, 23034 MiB
4, 100 %, 5344 MiB, 23034 MiB
5, 100 %, 21539 MiB, 23034 MiB
0, 100 %, 21539 MiB, 23034 MiB
1, 100 %, 21975 MiB, 23034 MiB
2, 100 %, 21975 MiB, 23034 MiB
3, 100 %, 21539 MiB, 23034 MiB
4, 76 %, 5344 MiB, 23034 MiB
5, 100 %, 21539 MiB, 23034 MiB
0, 100 %, 21539 MiB, 23034 MiB
1, 100 %, 22105 MiB, 23034 MiB
2, 99 %, 22105 MiB, 23034 MiB
3, 100 %, 21539 MiB, 23034 MiB
4, 87 %, 5344 MiB, 23034 MiB
5, 96 %, 21539 MiB, 23034 MiB
0, 100 %, 21539 MiB, 23034 MiB
1, 100 %, 22105 MiB, 23034 MiB
2, 100 %, 22105 MiB, 23034 MiB
3, 100 %, 21539 MiB, 23034 MiB
4, 90 %, 5344 MiB, 23034 MiB
5, 100 %, 21539 MiB, 23034 MiB
0, 100 %, 21539 MiB, 23034 MiB
1, 100 %, 22105 MiB, 23034 MiB
2, 100 %, 22105 MiB, 23034 MiB
3, 100 %, 21539 MiB, 23034 MiB
4, 100 %, 5344 MiB, 23034 MiB
5, 100 %, 21539 MiB, 23034 MiB
0, 94 %, 21539 MiB, 23034 MiB
1, 100 %, 22105 MiB, 23034 MiB
2, 100 %, 22105 MiB, 23034 MiB
3, 89 %, 21539 MiB, 23034 MiB
4, 100 %, 5344 MiB, 23034 MiB
5, 100 %, 21539 MiB, 23034 MiB
0, 67 %, 21539 MiB, 23034 MiB
1, 100 %, 22105 MiB, 23034 MiB
2, 100 %, 22105 MiB, 23034 MiB
3, 60 %, 21539 MiB, 23034 MiB
4, 53 %, 5344 MiB, 23034 MiB
5, 59 %, 21539 MiB, 23034 MiB
0, 100 %, 21539 MiB, 23034 MiB
1, 100 %, 22105 MiB, 23034 MiB
2, 100 %, 22105 MiB, 23034 MiB
3, 100 %, 21539 MiB, 23034 MiB
4, 19 %, 5344 MiB, 23034 MiB
5, 78 %, 21539 MiB, 23034 MiB
0, 100 %, 21539 MiB, 23034 MiB
1, 100 %, 22105 MiB, 23034 MiB
2, 100 %, 22105 MiB, 23034 MiB
3, 100 %, 21539 MiB, 23034 MiB
4, 75 %, 5344 MiB, 23034 MiB
5, 100 %, 21539 MiB, 23034 MiB
0, 97 %, 21539 MiB, 23034 MiB
1, 100 %, 22105 MiB, 23034 MiB
2, 99 %, 22105 MiB, 23034 MiB
3, 98 %, 21539 MiB, 23034 MiB
4, 100 %, 5344 MiB, 23034 MiB
5, 98 %, 21539 MiB, 23034 MiB
0, 100 %, 21539 MiB, 23034 MiB
1, 100 %, 22107 MiB, 23034 MiB
2, 100 %, 22107 MiB, 23034 MiB
3, 100 %, 21539 MiB, 23034 MiB
4, 100 %, 5344 MiB, 23034 MiB
5, 100 %, 21539 MiB, 23034 MiB
0, 100 %, 21539 MiB, 23034 MiB
1, 97 %, 22107 MiB, 23034 MiB
2, 99 %, 22107 MiB, 23034 MiB
3, 100 %, 21539 MiB, 23034 MiB
4, 100 %, 5344 MiB, 23034 MiB
5, 100 %, 21539 MiB, 23034 MiB
0, 100 %, 21539 MiB, 23034 MiB
1, 100 %, 22107 MiB, 23034 MiB
2, 100 %, 22107 MiB, 23034 MiB
3, 100 %, 21539 MiB, 23034 MiB
4, 100 %, 5344 MiB, 23034 MiB
5, 100 %, 21539 MiB, 23034 MiB
0, 51 %, 21539 MiB, 23034 MiB
1, 100 %, 22107 MiB, 23034 MiB
2, 100 %, 22107 MiB, 23034 MiB
3, 100 %, 21539 MiB, 23034 MiB
4, 100 %, 5344 MiB, 23034 MiB
5, 100 %, 21539 MiB, 23034 MiB
0, 100 %, 21539 MiB, 23034 MiB
1, 100 %, 22107 MiB, 23034 MiB
2, 100 %, 22107 MiB, 23034 MiB
3, 52 %, 21539 MiB, 23034 MiB
4, 100 %, 5344 MiB, 23034 MiB
5, 91 %, 21539 MiB, 23034 MiB
0, 100 %, 21539 MiB, 23034 MiB
1, 100 %, 22107 MiB, 23034 MiB
2, 100 %, 22107 MiB, 23034 MiB
3, 100 %, 21539 MiB, 23034 MiB
4, 100 %, 5344 MiB, 23034 MiB
5, 68 %, 21539 MiB, 23034 MiB
0, 97 %, 21539 MiB, 23034 MiB
1, 100 %, 22107 MiB, 23034 MiB
2, 99 %, 22107 MiB, 23034 MiB
3, 100 %, 21539 MiB, 23034 MiB
4, 100 %, 5344 MiB, 23034 MiB
5, 100 %, 21539 MiB, 23034 MiB
0, 100 %, 21539 MiB, 23034 MiB
1, 100 %, 22107 MiB, 23034 MiB
2, 100 %, 22107 MiB, 23034 MiB
3, 97 %, 21539 MiB, 23034 MiB
4, 100 %, 5344 MiB, 23034 MiB
5, 99 %, 21539 MiB, 23034 MiB
0, 100 %, 21539 MiB, 23034 MiB
1, 100 %, 17801 MiB, 23034 MiB
2, 100 %, 18059 MiB, 23034 MiB
3, 100 %, 21539 MiB, 23034 MiB
4, 100 %, 5344 MiB, 23034 MiB
5, 100 %, 21539 MiB, 23034 MiB
0, 100 %, 21539 MiB, 23034 MiB
1, 100 %, 17829 MiB, 23034 MiB
2, 100 %, 18101 MiB, 23034 MiB
3, 100 %, 21539 MiB, 23034 MiB
4, 100 %, 5344 MiB, 23034 MiB
5, 100 %, 21539 MiB, 23034 MiB
0, 100 %, 21539 MiB, 23034 MiB
1, 100 %, 17853 MiB, 23034 MiB
2, 100 %, 18111 MiB, 23034 MiB
3, 100 %, 21539 MiB, 23034 MiB
4, 100 %, 5344 MiB, 23034 MiB
5, 100 %, 21539 MiB, 23034 MiB
0, 71 %, 21539 MiB, 23034 MiB
1, 91 %, 17853 MiB, 23034 MiB
2, 100 %, 18111 MiB, 23034 MiB
3, 100 %, 21539 MiB, 23034 MiB
4, 100 %, 5344 MiB, 23034 MiB
5, 100 %, 21539 MiB, 23034 MiB
0, 100 %, 21539 MiB, 23034 MiB
1, 100 %, 17853 MiB, 23034 MiB
2, 100 %, 18111 MiB, 23034 MiB
3, 53 %, 21539 MiB, 23034 MiB
4, 100 %, 5344 MiB, 23034 MiB
5, 100 %, 21539 MiB, 23034 MiB
0, 100 %, 21539 MiB, 23034 MiB
1, 100 %, 17879 MiB, 23034 MiB
2, 0 %, 18135 MiB, 23034 MiB
3, 100 %, 21539 MiB, 23034 MiB
4, 100 %, 5344 MiB, 23034 MiB
5, 69 %, 21539 MiB, 23034 MiB
0, 100 %, 21539 MiB, 23034 MiB
1, 100 %, 17879 MiB, 23034 MiB
2, 100 %, 18135 MiB, 23034 MiB
3, 100 %, 21539 MiB, 23034 MiB
4, 100 %, 5344 MiB, 23034 MiB
5, 100 %, 21539 MiB, 23034 MiB
0, 97 %, 21539 MiB, 23034 MiB
1, 2 %, 17879 MiB, 23034 MiB
2, 0 %, 18135 MiB, 23034 MiB
3, 97 %, 21539 MiB, 23034 MiB
4, 100 %, 5344 MiB, 23034 MiB
5, 100 %, 21539 MiB, 23034 MiB
0, 100 %, 21539 MiB, 23034 MiB
1, 100 %, 19617 MiB, 23034 MiB
2, 97 %, 19297 MiB, 23034 MiB
3, 100 %, 21539 MiB, 23034 MiB
4, 100 %, 5344 MiB, 23034 MiB
5, 98 %, 21539 MiB, 23034 MiB
0, 100 %, 21539 MiB, 23034 MiB
1, 0 %, 17787 MiB, 23034 MiB
2, 0 %, 18057 MiB, 23034 MiB
3, 100 %, 21539 MiB, 23034 MiB
4, 100 %, 5344 MiB, 23034 MiB
5, 100 %, 21539 MiB, 23034 MiB
0, 100 %, 21539 MiB, 23034 MiB
1, 0 %, 0 MiB, 23034 MiB
2, 0 %, 0 MiB, 23034 MiB
3, 100 %, 21539 MiB, 23034 MiB
4, 100 %, 5344 MiB, 23034 MiB
5, 100 %, 21539 MiB, 23034 MiB
0, 100 %, 21539 MiB, 23034 MiB
1, 0 %, 0 MiB, 23034 MiB
2, 0 %, 0 MiB, 23034 MiB
3, 98 %, 21539 MiB, 23034 MiB
4, 100 %, 5344 MiB, 23034 MiB
5, 100 %, 21539 MiB, 23034 MiB
0, 95 %, 21539 MiB, 23034 MiB
1, 0 %, 0 MiB, 23034 MiB
2, 0 %, 0 MiB, 23034 MiB
3, 76 %, 21539 MiB, 23034 MiB
4, 100 %, 5344 MiB, 23034 MiB
5, 85 %, 21539 MiB, 23034 MiB
0, 100 %, 21539 MiB, 23034 MiB
1, 0 %, 0 MiB, 23034 MiB
2, 0 %, 0 MiB, 23034 MiB
3, 100 %, 21539 MiB, 23034 MiB
4, 100 %, 5344 MiB, 23034 MiB
5, 100 %, 21539 MiB, 23034 MiB
0, 100 %, 21539 MiB, 23034 MiB
1, 0 %, 0 MiB, 23034 MiB
2, 0 %, 0 MiB, 23034 MiB
3, 98 %, 21539 MiB, 23034 MiB
4, 100 %, 5344 MiB, 23034 MiB
5, 99 %, 21539 MiB, 23034 MiB
0, 100 %, 21539 MiB, 23034 MiB
1, 0 %, 0 MiB, 23034 MiB
2, 0 %, 0 MiB, 23034 MiB
3, 100 %, 21539 MiB, 23034 MiB
4, 100 %, 5344 MiB, 23034 MiB
5, 100 %, 21539 MiB, 23034 MiB
0, 100 %, 21539 MiB, 23034 MiB
1, 0 %, 0 MiB, 23034 MiB
2, 0 %, 0 MiB, 23034 MiB
3, 100 %, 21539 MiB, 23034 MiB
4, 100 %, 5344 MiB, 23034 MiB
5, 100 %, 21539 MiB, 23034 MiB
0, 100 %, 21539 MiB, 23034 MiB
1, 0 %, 0 MiB, 23034 MiB
2, 0 %, 0 MiB, 23034 MiB
3, 100 %, 21539 MiB, 23034 MiB
4, 100 %, 5344 MiB, 23034 MiB
5, 100 %, 21539 MiB, 23034 MiB
0, 80 %, 21539 MiB, 23034 MiB
1, 0 %, 0 MiB, 23034 MiB
2, 0 %, 0 MiB, 23034 MiB
3, 79 %, 21539 MiB, 23034 MiB
4, 100 %, 5344 MiB, 23034 MiB
5, 66 %, 21539 MiB, 23034 MiB
0, 100 %, 21539 MiB, 23034 MiB
1, 0 %, 0 MiB, 23034 MiB
2, 0 %, 0 MiB, 23034 MiB
3, 100 %, 21539 MiB, 23034 MiB
4, 100 %, 5344 MiB, 23034 MiB
5, 100 %, 21539 MiB, 23034 MiB
0, 99 %, 21539 MiB, 23034 MiB
1, 0 %, 0 MiB, 23034 MiB
2, 0 %, 0 MiB, 23034 MiB
3, 100 %, 21539 MiB, 23034 MiB
4, 100 %, 5344 MiB, 23034 MiB
5, 100 %, 21539 MiB, 23034 MiB
0, 0 %, 21539 MiB, 23034 MiB
1, 0 %, 0 MiB, 23034 MiB
2, 0 %, 0 MiB, 23034 MiB
3, 0 %, 21539 MiB, 23034 MiB
4, 0 %, 5344 MiB, 23034 MiB
5, 0 %, 21539 MiB, 23034 MiB
0, 0 %, 21539 MiB, 23034 MiB
1, 0 %, 0 MiB, 23034 MiB
2, 0 %, 0 MiB, 23034 MiB
3, 0 %, 21539 MiB, 23034 MiB
4, 100 %, 5344 MiB, 23034 MiB
5, 0 %, 21539 MiB, 23034 MiB
0, 100 %, 21539 MiB, 23034 MiB
1, 0 %, 0 MiB, 23034 MiB
2, 0 %, 0 MiB, 23034 MiB
3, 16 %, 21539 MiB, 23034 MiB
4, 100 %, 5344 MiB, 23034 MiB
5, 100 %, 21539 MiB, 23034 MiB
0, 0 %, 21539 MiB, 23034 MiB
1, 0 %, 0 MiB, 23034 MiB
2, 0 %, 0 MiB, 23034 MiB
3, 74 %, 21539 MiB, 23034 MiB
4, 100 %, 5344 MiB, 23034 MiB
5, 51 %, 21539 MiB, 23034 MiB
0, 63 %, 21539 MiB, 23034 MiB
1, 0 %, 0 MiB, 23034 MiB
2, 0 %, 0 MiB, 23034 MiB
3, 100 %, 21539 MiB, 23034 MiB
4, 100 %, 5344 MiB, 23034 MiB
5, 100 %, 21539 MiB, 23034 MiB
0, 63 %, 21539 MiB, 23034 MiB
1, 0 %, 0 MiB, 23034 MiB
2, 0 %, 0 MiB, 23034 MiB
3, 71 %, 21539 MiB, 23034 MiB
4, 100 %, 5344 MiB, 23034 MiB
5, 82 %, 21539 MiB, 23034 MiB
0, 100 %, 21539 MiB, 23034 MiB
1, 0 %, 0 MiB, 23034 MiB
2, 0 %, 0 MiB, 23034 MiB
3, 100 %, 21539 MiB, 23034 MiB
4, 100 %, 5344 MiB, 23034 MiB
5, 100 %, 21539 MiB, 23034 MiB
0, 99 %, 21539 MiB, 23034 MiB
1, 0 %, 0 MiB, 23034 MiB
2, 0 %, 0 MiB, 23034 MiB
3, 100 %, 21539 MiB, 23034 MiB
4, 100 %, 5344 MiB, 23034 MiB
5, 60 %, 21539 MiB, 23034 MiB
0, 55 %, 21539 MiB, 23034 MiB
1, 0 %, 0 MiB, 23034 MiB
2, 0 %, 0 MiB, 23034 MiB
3, 44 %, 21539 MiB, 23034 MiB
4, 100 %, 5344 MiB, 23034 MiB
5, 59 %, 21539 MiB, 23034 MiB
0, 100 %, 21539 MiB, 23034 MiB
1, 0 %, 0 MiB, 23034 MiB
2, 0 %, 0 MiB, 23034 MiB
3, 43 %, 21539 MiB, 23034 MiB
4, 100 %, 5344 MiB, 23034 MiB
5, 46 %, 21539 MiB, 23034 MiB
0, 100 %, 21539 MiB, 23034 MiB
1, 0 %, 0 MiB, 23034 MiB
2, 0 %, 0 MiB, 23034 MiB
3, 66 %, 21539 MiB, 23034 MiB
4, 100 %, 5344 MiB, 23034 MiB
5, 100 %, 21539 MiB, 23034 MiB
0, 51 %, 21539 MiB, 23034 MiB
1, 0 %, 0 MiB, 23034 MiB
2, 0 %, 0 MiB, 23034 MiB
3, 100 %, 21539 MiB, 23034 MiB
4, 100 %, 5344 MiB, 23034 MiB
5, 100 %, 21539 MiB, 23034 MiB
0, 100 %, 21539 MiB, 23034 MiB
1, 0 %, 0 MiB, 23034 MiB
2, 0 %, 0 MiB, 23034 MiB
3, 87 %, 21539 MiB, 23034 MiB
4, 100 %, 5344 MiB, 23034 MiB
5, 94 %, 21539 MiB, 23034 MiB
0, 100 %, 21539 MiB, 23034 MiB
1, 0 %, 0 MiB, 23034 MiB
2, 0 %, 0 MiB, 23034 MiB
3, 96 %, 21539 MiB, 23034 MiB
4, 100 %, 5344 MiB, 23034 MiB
5, 37 %, 21539 MiB, 23034 MiB
0, 46 %, 21539 MiB, 23034 MiB
1, 0 %, 0 MiB, 23034 MiB
2, 0 %, 0 MiB, 23034 MiB
3, 71 %, 21539 MiB, 23034 MiB
4, 100 %, 5344 MiB, 23034 MiB
5, 100 %, 21539 MiB, 23034 MiB
0, 14 %, 21539 MiB, 23034 MiB
1, 0 %, 0 MiB, 23034 MiB
2, 0 %, 0 MiB, 23034 MiB
3, 100 %, 21539 MiB, 23034 MiB
4, 0 %, 5344 MiB, 23034 MiB
5, 87 %, 21539 MiB, 23034 MiB
0, 100 %, 21539 MiB, 23034 MiB
1, 0 %, 0 MiB, 23034 MiB
2, 0 %, 0 MiB, 23034 MiB
3, 64 %, 21539 MiB, 23034 MiB
4, 0 %, 5344 MiB, 23034 MiB
5, 100 %, 21539 MiB, 23034 MiB
0, 43 %, 21539 MiB, 23034 MiB
1, 0 %, 0 MiB, 23034 MiB
2, 0 %, 0 MiB, 23034 MiB
3, 100 %, 21539 MiB, 23034 MiB
4, 14 %, 5344 MiB, 23034 MiB
5, 51 %, 21539 MiB, 23034 MiB
0, 62 %, 21539 MiB, 23034 MiB
1, 0 %, 0 MiB, 23034 MiB
2, 0 %, 0 MiB, 23034 MiB
3, 100 %, 21539 MiB, 23034 MiB
4, 100 %, 5344 MiB, 23034 MiB
5, 58 %, 21539 MiB, 23034 MiB
0, 36 %, 21539 MiB, 23034 MiB
1, 0 %, 0 MiB, 23034 MiB
2, 0 %, 0 MiB, 23034 MiB
3, 96 %, 21539 MiB, 23034 MiB
4, 100 %, 5344 MiB, 23034 MiB
5, 100 %, 21539 MiB, 23034 MiB
0, 61 %, 21539 MiB, 23034 MiB
1, 0 %, 0 MiB, 23034 MiB
2, 0 %, 0 MiB, 23034 MiB
3, 86 %, 21539 MiB, 23034 MiB
4, 100 %, 5344 MiB, 23034 MiB
5, 19 %, 21539 MiB, 23034 MiB
0, 100 %, 21539 MiB, 23034 MiB
1, 0 %, 0 MiB, 23034 MiB
2, 0 %, 0 MiB, 23034 MiB
3, 35 %, 21539 MiB, 23034 MiB
4, 100 %, 5344 MiB, 23034 MiB
5, 100 %, 21539 MiB, 23034 MiB
0, 81 %, 21539 MiB, 23034 MiB
1, 0 %, 0 MiB, 23034 MiB
2, 0 %, 0 MiB, 23034 MiB
3, 61 %, 21539 MiB, 23034 MiB
4, 100 %, 5344 MiB, 23034 MiB
5, 60 %, 21539 MiB, 23034 MiB
0, 100 %, 21539 MiB, 23034 MiB
1, 0 %, 0 MiB, 23034 MiB
2, 0 %, 0 MiB, 23034 MiB
3, 100 %, 21539 MiB, 23034 MiB
4, 100 %, 5344 MiB, 23034 MiB
5, 17 %, 21539 MiB, 23034 MiB
0, 100 %, 21539 MiB, 23034 MiB
1, 0 %, 0 MiB, 23034 MiB
2, 0 %, 0 MiB, 23034 MiB
3, 99 %, 21539 MiB, 23034 MiB
4, 100 %, 5344 MiB, 23034 MiB
5, 70 %, 21539 MiB, 23034 MiB
0, 58 %, 21539 MiB, 23034 MiB
1, 0 %, 0 MiB, 23034 MiB
2, 0 %, 0 MiB, 23034 MiB
3, 43 %, 21539 MiB, 23034 MiB
4, 100 %, 5344 MiB, 23034 MiB
5, 99 %, 21539 MiB, 23034 MiB
0, 71 %, 21539 MiB, 23034 MiB
1, 0 %, 0 MiB, 23034 MiB
2, 0 %, 0 MiB, 23034 MiB
3, 100 %, 21539 MiB, 23034 MiB
4, 100 %, 5344 MiB, 23034 MiB
5, 0 %, 21539 MiB, 23034 MiB
0, 100 %, 21539 MiB, 23034 MiB
1, 0 %, 0 MiB, 23034 MiB
2, 0 %, 0 MiB, 23034 MiB
3, 77 %, 21539 MiB, 23034 MiB
4, 100 %, 5344 MiB, 23034 MiB
5, 80 %, 21539 MiB, 23034 MiB
0, 60 %, 21539 MiB, 23034 MiB
1, 0 %, 0 MiB, 23034 MiB
2, 0 %, 0 MiB, 23034 MiB
3, 96 %, 21539 MiB, 23034 MiB
4, 100 %, 5344 MiB, 23034 MiB
5, 68 %, 21539 MiB, 23034 MiB
0, 77 %, 21539 MiB, 23034 MiB
1, 0 %, 0 MiB, 23034 MiB
2, 0 %, 0 MiB, 23034 MiB
3, 61 %, 21539 MiB, 23034 MiB
4, 100 %, 5344 MiB, 23034 MiB
5, 100 %, 21539 MiB, 23034 MiB
0, 76 %, 21539 MiB, 23034 MiB
1, 0 %, 0 MiB, 23034 MiB
2, 0 %, 0 MiB, 23034 MiB
3, 100 %, 21539 MiB, 23034 MiB
4, 100 %, 5344 MiB, 23034 MiB
5, 94 %, 21539 MiB, 23034 MiB
0, 100 %, 21539 MiB, 23034 MiB
1, 0 %, 0 MiB, 23034 MiB
2, 0 %, 0 MiB, 23034 MiB
3, 37 %, 21539 MiB, 23034 MiB
4, 100 %, 5344 MiB, 23034 MiB
5, 96 %, 21539 MiB, 23034 MiB
0, 72 %, 21539 MiB, 23034 MiB
1, 0 %, 0 MiB, 23034 MiB
2, 0 %, 0 MiB, 23034 MiB
3, 100 %, 21539 MiB, 23034 MiB
4, 100 %, 5344 MiB, 23034 MiB
5, 100 %, 21539 MiB, 23034 MiB
0, 100 %, 21539 MiB, 23034 MiB
1, 0 %, 0 MiB, 23034 MiB
2, 0 %, 0 MiB, 23034 MiB
3, 100 %, 21539 MiB, 23034 MiB
4, 100 %, 5344 MiB, 23034 MiB
5, 65 %, 21539 MiB, 23034 MiB
0, 74 %, 21539 MiB, 23034 MiB
1, 0 %, 0 MiB, 23034 MiB
2, 0 %, 0 MiB, 23034 MiB
3, 100 %, 21539 MiB, 23034 MiB
4, 100 %, 5344 MiB, 23034 MiB
5, 85 %, 21539 MiB, 23034 MiB
0, 41 %, 21539 MiB, 23034 MiB
1, 0 %, 0 MiB, 23034 MiB
2, 0 %, 0 MiB, 23034 MiB
3, 98 %, 21539 MiB, 23034 MiB
4, 100 %, 5344 MiB, 23034 MiB
5, 100 %, 21539 MiB, 23034 MiB
0, 100 %, 21539 MiB, 23034 MiB
1, 0 %, 0 MiB, 23034 MiB
2, 0 %, 0 MiB, 23034 MiB
3, 100 %, 21539 MiB, 23034 MiB
4, 100 %, 5344 MiB, 23034 MiB
5, 100 %, 21539 MiB, 23034 MiB
0, 100 %, 21539 MiB, 23034 MiB
1, 0 %, 0 MiB, 23034 MiB
2, 0 %, 0 MiB, 23034 MiB
3, 100 %, 21539 MiB, 23034 MiB
4, 100 %, 5344 MiB, 23034 MiB
5, 31 %, 21539 MiB, 23034 MiB
0, 100 %, 21539 MiB, 23034 MiB
1, 0 %, 0 MiB, 23034 MiB
2, 0 %, 0 MiB, 23034 MiB
3, 52 %, 21539 MiB, 23034 MiB
4, 100 %, 5344 MiB, 23034 MiB
5, 87 %, 21539 MiB, 23034 MiB
0, 3 %, 21539 MiB, 23034 MiB
1, 0 %, 0 MiB, 23034 MiB
2, 0 %, 0 MiB, 23034 MiB
3, 93 %, 21539 MiB, 23034 MiB
4, 100 %, 5344 MiB, 23034 MiB
5, 100 %, 21539 MiB, 23034 MiB
0, 100 %, 21539 MiB, 23034 MiB
1, 0 %, 0 MiB, 23034 MiB
2, 0 %, 0 MiB, 23034 MiB
3, 75 %, 21539 MiB, 23034 MiB
4, 100 %, 5344 MiB, 23034 MiB
5, 53 %, 21539 MiB, 23034 MiB
0, 93 %, 21539 MiB, 23034 MiB
1, 0 %, 0 MiB, 23034 MiB
2, 0 %, 0 MiB, 23034 MiB
3, 81 %, 21539 MiB, 23034 MiB
4, 100 %, 5344 MiB, 23034 MiB
5, 61 %, 21539 MiB, 23034 MiB
0, 63 %, 21539 MiB, 23034 MiB
1, 0 %, 0 MiB, 23034 MiB
2, 0 %, 0 MiB, 23034 MiB
3, 100 %, 21539 MiB, 23034 MiB
4, 100 %, 5344 MiB, 23034 MiB
5, 100 %, 21539 MiB, 23034 MiB
0, 2 %, 21539 MiB, 23034 MiB
1, 0 %, 0 MiB, 23034 MiB
2, 0 %, 0 MiB, 23034 MiB
3, 73 %, 21539 MiB, 23034 MiB
4, 100 %, 5344 MiB, 23034 MiB
5, 58 %, 21539 MiB, 23034 MiB
0, 47 %, 21539 MiB, 23034 MiB
1, 0 %, 0 MiB, 23034 MiB
2, 0 %, 0 MiB, 23034 MiB
3, 100 %, 21539 MiB, 23034 MiB
4, 100 %, 5344 MiB, 23034 MiB
5, 62 %, 21539 MiB, 23034 MiB
0, 47 %, 21539 MiB, 23034 MiB
1, 0 %, 0 MiB, 23034 MiB
2, 0 %, 0 MiB, 23034 MiB
3, 77 %, 21539 MiB, 23034 MiB
4, 100 %, 5344 MiB, 23034 MiB
5, 100 %, 21539 MiB, 23034 MiB
0, 69 %, 21539 MiB, 23034 MiB
1, 0 %, 0 MiB, 23034 MiB
2, 0 %, 0 MiB, 23034 MiB
3, 94 %, 21539 MiB, 23034 MiB
4, 62 %, 5344 MiB, 23034 MiB
5, 100 %, 21539 MiB, 23034 MiB
0, 100 %, 21539 MiB, 23034 MiB
1, 0 %, 0 MiB, 23034 MiB
2, 0 %, 0 MiB, 23034 MiB
3, 65 %, 21539 MiB, 23034 MiB
4, 34 %, 5344 MiB, 23034 MiB
5, 53 %, 21539 MiB, 23034 MiB
0, 43 %, 21539 MiB, 23034 MiB
1, 0 %, 0 MiB, 23034 MiB
2, 0 %, 0 MiB, 23034 MiB
3, 63 %, 21539 MiB, 23034 MiB
4, 100 %, 5344 MiB, 23034 MiB
5, 81 %, 21539 MiB, 23034 MiB
0, 100 %, 21539 MiB, 23034 MiB
1, 0 %, 0 MiB, 23034 MiB
2, 0 %, 0 MiB, 23034 MiB
3, 100 %, 21539 MiB, 23034 MiB
4, 100 %, 5344 MiB, 23034 MiB
5, 100 %, 21539 MiB, 23034 MiB
0, 100 %, 21539 MiB, 23034 MiB
1, 0 %, 0 MiB, 23034 MiB
2, 0 %, 0 MiB, 23034 MiB
3, 54 %, 21539 MiB, 23034 MiB
4, 58 %, 5344 MiB, 23034 MiB
5, 91 %, 21539 MiB, 23034 MiB
0, 99 %, 21539 MiB, 23034 MiB
1, 0 %, 0 MiB, 23034 MiB
2, 0 %, 0 MiB, 23034 MiB
3, 83 %, 21539 MiB, 23034 MiB
4, 16 %, 5344 MiB, 23034 MiB
5, 52 %, 21539 MiB, 23034 MiB
0, 100 %, 21539 MiB, 23034 MiB
1, 0 %, 0 MiB, 23034 MiB
2, 0 %, 0 MiB, 23034 MiB
3, 42 %, 21539 MiB, 23034 MiB
4, 0 %, 5344 MiB, 23034 MiB
5, 95 %, 21539 MiB, 23034 MiB
0, 100 %, 21539 MiB, 23034 MiB
1, 0 %, 0 MiB, 23034 MiB
2, 0 %, 0 MiB, 23034 MiB
3, 0 %, 21539 MiB, 23034 MiB
4, 100 %, 5344 MiB, 23034 MiB
5, 53 %, 21539 MiB, 23034 MiB
0, 100 %, 21539 MiB, 23034 MiB
1, 0 %, 0 MiB, 23034 MiB
2, 0 %, 0 MiB, 23034 MiB
3, 40 %, 21539 MiB, 23034 MiB
4, 0 %, 5344 MiB, 23034 MiB
5, 80 %, 21539 MiB, 23034 MiB
0, 49 %, 21539 MiB, 23034 MiB
1, 0 %, 0 MiB, 23034 MiB
2, 0 %, 0 MiB, 23034 MiB
3, 100 %, 21539 MiB, 23034 MiB
4, 55 %, 5344 MiB, 23034 MiB
5, 99 %, 21539 MiB, 23034 MiB
0, 55 %, 21539 MiB, 23034 MiB
1, 0 %, 0 MiB, 23034 MiB
2, 0 %, 0 MiB, 23034 MiB
3, 64 %, 21539 MiB, 23034 MiB
4, 99 %, 5344 MiB, 23034 MiB
5, 85 %, 21539 MiB, 23034 MiB
0, 100 %, 21539 MiB, 23034 MiB
1, 0 %, 0 MiB, 23034 MiB
2, 0 %, 0 MiB, 23034 MiB
3, 97 %, 21539 MiB, 23034 MiB
4, 100 %, 5344 MiB, 23034 MiB
5, 100 %, 21539 MiB, 23034 MiB
0, 63 %, 21539 MiB, 23034 MiB
1, 0 %, 0 MiB, 23034 MiB
2, 0 %, 0 MiB, 23034 MiB
3, 41 %, 21539 MiB, 23034 MiB
4, 100 %, 5344 MiB, 23034 MiB
5, 100 %, 21539 MiB, 23034 MiB
0, 100 %, 21539 MiB, 23034 MiB
1, 0 %, 0 MiB, 23034 MiB
2, 0 %, 0 MiB, 23034 MiB
3, 100 %, 21539 MiB, 23034 MiB
4, 100 %, 5344 MiB, 23034 MiB
5, 52 %, 21539 MiB, 23034 MiB
0, 73 %, 21539 MiB, 23034 MiB
1, 0 %, 0 MiB, 23034 MiB
2, 0 %, 0 MiB, 23034 MiB
3, 82 %, 21539 MiB, 23034 MiB
4, 100 %, 5344 MiB, 23034 MiB
5, 37 %, 21539 MiB, 23034 MiB
0, 100 %, 21539 MiB, 23034 MiB
1, 0 %, 0 MiB, 23034 MiB
2, 0 %, 0 MiB, 23034 MiB
3, 100 %, 21539 MiB, 23034 MiB
4, 100 %, 5344 MiB, 23034 MiB
5, 71 %, 21539 MiB, 23034 MiB
0, 28 %, 21539 MiB, 23034 MiB
1, 0 %, 0 MiB, 23034 MiB
2, 0 %, 0 MiB, 23034 MiB
3, 100 %, 21539 MiB, 23034 MiB
4, 100 %, 5344 MiB, 23034 MiB
5, 100 %, 21539 MiB, 23034 MiB
0, 100 %, 21539 MiB, 23034 MiB
1, 0 %, 0 MiB, 23034 MiB
2, 0 %, 0 MiB, 23034 MiB
3, 100 %, 21539 MiB, 23034 MiB
4, 100 %, 5344 MiB, 23034 MiB
5, 99 %, 21539 MiB, 23034 MiB
0, 70 %, 21539 MiB, 23034 MiB
1, 0 %, 0 MiB, 23034 MiB
2, 0 %, 0 MiB, 23034 MiB
3, 65 %, 21539 MiB, 23034 MiB
4, 100 %, 5344 MiB, 23034 MiB
5, 100 %, 21539 MiB, 23034 MiB
0, 100 %, 21539 MiB, 23034 MiB
1, 0 %, 0 MiB, 23034 MiB
2, 0 %, 0 MiB, 23034 MiB
3, 98 %, 21539 MiB, 23034 MiB
4, 100 %, 5344 MiB, 23034 MiB
5, 60 %, 21539 MiB, 23034 MiB
0, 56 %, 21539 MiB, 23034 MiB
1, 0 %, 0 MiB, 23034 MiB
2, 0 %, 0 MiB, 23034 MiB
3, 100 %, 21539 MiB, 23034 MiB
4, 100 %, 5344 MiB, 23034 MiB
5, 100 %, 21539 MiB, 23034 MiB
0, 94 %, 21539 MiB, 23034 MiB
1, 0 %, 0 MiB, 23034 MiB
2, 0 %, 0 MiB, 23034 MiB
3, 100 %, 21539 MiB, 23034 MiB
4, 100 %, 5344 MiB, 23034 MiB
5, 100 %, 21539 MiB, 23034 MiB
0, 100 %, 21539 MiB, 23034 MiB
1, 0 %, 0 MiB, 23034 MiB
2, 0 %, 0 MiB, 23034 MiB
3, 86 %, 21539 MiB, 23034 MiB
4, 100 %, 5344 MiB, 23034 MiB
5, 86 %, 21539 MiB, 23034 MiB
0, 0 %, 21539 MiB, 23034 MiB
1, 0 %, 0 MiB, 23034 MiB
2, 0 %, 0 MiB, 23034 MiB
3, 0 %, 21539 MiB, 23034 MiB
4, 100 %, 5344 MiB, 23034 MiB
5, 0 %, 21539 MiB, 23034 MiB
0, 0 %, 21539 MiB, 23034 MiB
1, 0 %, 0 MiB, 23034 MiB
2, 0 %, 0 MiB, 23034 MiB
3, 0 %, 21539 MiB, 23034 MiB
4, 100 %, 5344 MiB, 23034 MiB
5, 0 %, 21539 MiB, 23034 MiB
0, 0 %, 21539 MiB, 23034 MiB
1, 0 %, 0 MiB, 23034 MiB
2, 0 %, 0 MiB, 23034 MiB
3, 100 %, 21539 MiB, 23034 MiB
4, 100 %, 5344 MiB, 23034 MiB
5, 100 %, 21539 MiB, 23034 MiB
0, 100 %, 21539 MiB, 23034 MiB
1, 0 %, 0 MiB, 23034 MiB
2, 0 %, 0 MiB, 23034 MiB
3, 100 %, 21539 MiB, 23034 MiB
4, 100 %, 5344 MiB, 23034 MiB
5, 100 %, 21539 MiB, 23034 MiB
0, 100 %, 21539 MiB, 23034 MiB
1, 0 %, 0 MiB, 23034 MiB
2, 0 %, 0 MiB, 23034 MiB
3, 100 %, 21539 MiB, 23034 MiB
4, 100 %, 5344 MiB, 23034 MiB
5, 100 %, 21539 MiB, 23034 MiB
0, 100 %, 21539 MiB, 23034 MiB
1, 0 %, 0 MiB, 23034 MiB
2, 0 %, 0 MiB, 23034 MiB
3, 100 %, 21539 MiB, 23034 MiB
4, 100 %, 5344 MiB, 23034 MiB
5, 100 %, 21539 MiB, 23034 MiB
0, 100 %, 21539 MiB, 23034 MiB
1, 0 %, 0 MiB, 23034 MiB
2, 0 %, 0 MiB, 23034 MiB
3, 86 %, 21539 MiB, 23034 MiB
4, 100 %, 5344 MiB, 23034 MiB
5, 69 %, 21539 MiB, 23034 MiB
0, 73 %, 21539 MiB, 23034 MiB
1, 0 %, 0 MiB, 23034 MiB
2, 0 %, 0 MiB, 23034 MiB
3, 82 %, 21539 MiB, 23034 MiB
4, 100 %, 5344 MiB, 23034 MiB
5, 99 %, 21539 MiB, 23034 MiB
0, 100 %, 21539 MiB, 23034 MiB
1, 0 %, 0 MiB, 23034 MiB
2, 0 %, 0 MiB, 23034 MiB
3, 100 %, 21539 MiB, 23034 MiB
4, 100 %, 5344 MiB, 23034 MiB
5, 100 %, 21539 MiB, 23034 MiB
0, 100 %, 21539 MiB, 23034 MiB
1, 0 %, 0 MiB, 23034 MiB
2, 0 %, 0 MiB, 23034 MiB
3, 98 %, 21539 MiB, 23034 MiB
4, 100 %, 5344 MiB, 23034 MiB
5, 97 %, 21539 MiB, 23034 MiB
0, 100 %, 21539 MiB, 23034 MiB
1, 0 %, 0 MiB, 23034 MiB
2, 0 %, 0 MiB, 23034 MiB
3, 100 %, 21539 MiB, 23034 MiB
4, 100 %, 5344 MiB, 23034 MiB
5, 100 %, 21539 MiB, 23034 MiB
0, 100 %, 21539 MiB, 23034 MiB
1, 0 %, 0 MiB, 23034 MiB
2, 0 %, 0 MiB, 23034 MiB
3, 100 %, 21539 MiB, 23034 MiB
4, 100 %, 5344 MiB, 23034 MiB
5, 100 %, 21539 MiB, 23034 MiB
0, 100 %, 21539 MiB, 23034 MiB
1, 0 %, 0 MiB, 23034 MiB
2, 0 %, 0 MiB, 23034 MiB
3, 100 %, 21539 MiB, 23034 MiB
4, 100 %, 5344 MiB, 23034 MiB
5, 100 %, 21539 MiB, 23034 MiB
0, 100 %, 21539 MiB, 23034 MiB
1, 0 %, 0 MiB, 23034 MiB
2, 0 %, 0 MiB, 23034 MiB
3, 100 %, 21539 MiB, 23034 MiB
4, 100 %, 5344 MiB, 23034 MiB
5, 100 %, 21539 MiB, 23034 MiB
0, 49 %, 21539 MiB, 23034 MiB
1, 0 %, 0 MiB, 23034 MiB
2, 0 %, 0 MiB, 23034 MiB
3, 98 %, 21539 MiB, 23034 MiB
4, 100 %, 5344 MiB, 23034 MiB
5, 88 %, 21539 MiB, 23034 MiB
0, 100 %, 21539 MiB, 23034 MiB
1, 0 %, 0 MiB, 23034 MiB
2, 0 %, 0 MiB, 23034 MiB
3, 100 %, 21539 MiB, 23034 MiB
4, 100 %, 5344 MiB, 23034 MiB
5, 100 %, 21539 MiB, 23034 MiB
0, 100 %, 21539 MiB, 23034 MiB
1, 0 %, 0 MiB, 23034 MiB
2, 0 %, 0 MiB, 23034 MiB
3, 97 %, 21539 MiB, 23034 MiB
4, 100 %, 5344 MiB, 23034 MiB
5, 98 %, 21539 MiB, 23034 MiB
0, 100 %, 21539 MiB, 23034 MiB
1, 0 %, 0 MiB, 23034 MiB
2, 0 %, 0 MiB, 23034 MiB
3, 100 %, 21539 MiB, 23034 MiB
4, 100 %, 5344 MiB, 23034 MiB
5, 100 %, 21539 MiB, 23034 MiB
0, 100 %, 21539 MiB, 23034 MiB
1, 0 %, 0 MiB, 23034 MiB
2, 0 %, 0 MiB, 23034 MiB
3, 100 %, 21539 MiB, 23034 MiB
4, 100 %, 5344 MiB, 23034 MiB
5, 100 %, 21539 MiB, 23034 MiB
0, 100 %, 21539 MiB, 23034 MiB
1, 0 %, 0 MiB, 23034 MiB
2, 0 %, 0 MiB, 23034 MiB
3, 100 %, 21539 MiB, 23034 MiB
4, 100 %, 5344 MiB, 23034 MiB
5, 100 %, 21539 MiB, 23034 MiB
0, 61 %, 21539 MiB, 23034 MiB
1, 0 %, 0 MiB, 23034 MiB
2, 0 %, 0 MiB, 23034 MiB
3, 100 %, 21539 MiB, 23034 MiB
4, 100 %, 5344 MiB, 23034 MiB
5, 47 %, 21539 MiB, 23034 MiB
0, 100 %, 21539 MiB, 23034 MiB
1, 0 %, 0 MiB, 23034 MiB
2, 0 %, 0 MiB, 23034 MiB
3, 48 %, 21539 MiB, 23034 MiB
4, 100 %, 5344 MiB, 23034 MiB
5, 100 %, 21539 MiB, 23034 MiB
0, 100 %, 21539 MiB, 23034 MiB
1, 0 %, 0 MiB, 23034 MiB
2, 0 %, 0 MiB, 23034 MiB
3, 100 %, 21539 MiB, 23034 MiB
4, 100 %, 5344 MiB, 23034 MiB
5, 100 %, 21539 MiB, 23034 MiB
0, 97 %, 21539 MiB, 23034 MiB
1, 0 %, 0 MiB, 23034 MiB
2, 0 %, 0 MiB, 23034 MiB
3, 100 %, 21539 MiB, 23034 MiB
4, 100 %, 5344 MiB, 23034 MiB
5, 98 %, 21539 MiB, 23034 MiB
0, 100 %, 21539 MiB, 23034 MiB
1, 0 %, 0 MiB, 23034 MiB
2, 0 %, 0 MiB, 23034 MiB
3, 98 %, 21539 MiB, 23034 MiB
4, 100 %, 5344 MiB, 23034 MiB
5, 100 %, 21539 MiB, 23034 MiB
0, 100 %, 21539 MiB, 23034 MiB
1, 0 %, 0 MiB, 23034 MiB
2, 0 %, 0 MiB, 23034 MiB
3, 100 %, 21539 MiB, 23034 MiB
4, 100 %, 5344 MiB, 23034 MiB
5, 100 %, 21539 MiB, 23034 MiB
0, 100 %, 21539 MiB, 23034 MiB
1, 0 %, 0 MiB, 23034 MiB
2, 0 %, 0 MiB, 23034 MiB
3, 100 %, 21539 MiB, 23034 MiB
4, 100 %, 5344 MiB, 23034 MiB
5, 100 %, 21539 MiB, 23034 MiB
0, 100 %, 21539 MiB, 23034 MiB
1, 0 %, 0 MiB, 23034 MiB
2, 0 %, 0 MiB, 23034 MiB
3, 100 %, 21539 MiB, 23034 MiB
4, 100 %, 5344 MiB, 23034 MiB
5, 100 %, 21539 MiB, 23034 MiB
0, 100 %, 21539 MiB, 23034 MiB
1, 0 %, 0 MiB, 23034 MiB
2, 0 %, 0 MiB, 23034 MiB
3, 100 %, 21539 MiB, 23034 MiB
4, 100 %, 5344 MiB, 23034 MiB
5, 45 %, 21539 MiB, 23034 MiB
0, 100 %, 21539 MiB, 23034 MiB
1, 0 %, 0 MiB, 23034 MiB
2, 0 %, 0 MiB, 23034 MiB
3, 49 %, 21539 MiB, 23034 MiB
4, 100 %, 5344 MiB, 23034 MiB
5, 100 %, 21539 MiB, 23034 MiB
0, 61 %, 21539 MiB, 23034 MiB
1, 0 %, 0 MiB, 23034 MiB
2, 0 %, 0 MiB, 23034 MiB
3, 100 %, 21539 MiB, 23034 MiB
4, 0 %, 5344 MiB, 23034 MiB
5, 100 %, 21539 MiB, 23034 MiB
0, 100 %, 21539 MiB, 23034 MiB
1, 0 %, 0 MiB, 23034 MiB
2, 0 %, 0 MiB, 23034 MiB
3, 100 %, 21539 MiB, 23034 MiB
4, 67 %, 5344 MiB, 23034 MiB
5, 97 %, 21539 MiB, 23034 MiB
0, 100 %, 21539 MiB, 23034 MiB
1, 0 %, 0 MiB, 23034 MiB
2, 0 %, 0 MiB, 23034 MiB
3, 96 %, 21539 MiB, 23034 MiB
4, 62 %, 5344 MiB, 23034 MiB
5, 100 %, 21539 MiB, 23034 MiB
0, 100 %, 21539 MiB, 23034 MiB
1, 0 %, 0 MiB, 23034 MiB
2, 0 %, 0 MiB, 23034 MiB
3, 100 %, 21539 MiB, 23034 MiB
4, 36 %, 5344 MiB, 23034 MiB
5, 100 %, 21539 MiB, 23034 MiB
0, 100 %, 21539 MiB, 23034 MiB
1, 0 %, 0 MiB, 23034 MiB
2, 0 %, 0 MiB, 23034 MiB
3, 100 %, 21539 MiB, 23034 MiB
4, 49 %, 5344 MiB, 23034 MiB
5, 100 %, 21539 MiB, 23034 MiB
0, 82 %, 21539 MiB, 23034 MiB
1, 0 %, 0 MiB, 23034 MiB
2, 0 %, 0 MiB, 23034 MiB
3, 100 %, 21539 MiB, 23034 MiB
4, 61 %, 5344 MiB, 23034 MiB
5, 100 %, 21539 MiB, 23034 MiB
0, 87 %, 21539 MiB, 23034 MiB
1, 0 %, 0 MiB, 23034 MiB
2, 0 %, 0 MiB, 23034 MiB
3, 61 %, 21539 MiB, 23034 MiB
4, 82 %, 5344 MiB, 23034 MiB
5, 56 %, 21539 MiB, 23034 MiB
0, 100 %, 21539 MiB, 23034 MiB
1, 0 %, 0 MiB, 23034 MiB
2, 0 %, 0 MiB, 23034 MiB
3, 100 %, 21539 MiB, 23034 MiB
4, 87 %, 5344 MiB, 23034 MiB
5, 100 %, 21539 MiB, 23034 MiB
0, 97 %, 21539 MiB, 23034 MiB
1, 0 %, 0 MiB, 23034 MiB
2, 0 %, 0 MiB, 23034 MiB
3, 100 %, 21539 MiB, 23034 MiB
4, 100 %, 5344 MiB, 23034 MiB
5, 100 %, 21539 MiB, 23034 MiB
0, 100 %, 21539 MiB, 23034 MiB
1, 0 %, 0 MiB, 23034 MiB
2, 0 %, 0 MiB, 23034 MiB
3, 97 %, 21539 MiB, 23034 MiB
4, 72 %, 5344 MiB, 23034 MiB
5, 98 %, 21539 MiB, 23034 MiB
0, 100 %, 21539 MiB, 23034 MiB
1, 0 %, 0 MiB, 23034 MiB
2, 0 %, 0 MiB, 23034 MiB
3, 100 %, 21539 MiB, 23034 MiB
4, 100 %, 5344 MiB, 23034 MiB
5, 100 %, 21539 MiB, 23034 MiB
0, 100 %, 21539 MiB, 23034 MiB
1, 0 %, 0 MiB, 23034 MiB
2, 0 %, 0 MiB, 23034 MiB
3, 100 %, 21539 MiB, 23034 MiB
4, 100 %, 5344 MiB, 23034 MiB
5, 100 %, 21539 MiB, 23034 MiB
0, 100 %, 21539 MiB, 23034 MiB
1, 0 %, 0 MiB, 23034 MiB
2, 0 %, 0 MiB, 23034 MiB
3, 100 %, 21539 MiB, 23034 MiB
4, 100 %, 5344 MiB, 23034 MiB
5, 100 %, 21539 MiB, 23034 MiB
0, 76 %, 21539 MiB, 23034 MiB
1, 0 %, 0 MiB, 23034 MiB
2, 0 %, 0 MiB, 23034 MiB
3, 100 %, 21539 MiB, 23034 MiB
4, 100 %, 5344 MiB, 23034 MiB
5, 100 %, 21539 MiB, 23034 MiB
0, 95 %, 21539 MiB, 23034 MiB
1, 0 %, 0 MiB, 23034 MiB
2, 0 %, 0 MiB, 23034 MiB
3, 61 %, 21539 MiB, 23034 MiB
4, 100 %, 5344 MiB, 23034 MiB
5, 49 %, 21539 MiB, 23034 MiB
0, 100 %, 21539 MiB, 23034 MiB
1, 0 %, 0 MiB, 23034 MiB
2, 0 %, 0 MiB, 23034 MiB
3, 97 %, 21539 MiB, 23034 MiB
4, 100 %, 5344 MiB, 23034 MiB
5, 100 %, 21539 MiB, 23034 MiB
0, 97 %, 21539 MiB, 23034 MiB
1, 0 %, 0 MiB, 23034 MiB
2, 0 %, 0 MiB, 23034 MiB
3, 100 %, 21539 MiB, 23034 MiB
4, 100 %, 5344 MiB, 23034 MiB
5, 100 %, 21539 MiB, 23034 MiB
0, 100 %, 21539 MiB, 23034 MiB
1, 0 %, 0 MiB, 23034 MiB
2, 0 %, 0 MiB, 23034 MiB
3, 100 %, 21539 MiB, 23034 MiB
4, 100 %, 5344 MiB, 23034 MiB
5, 97 %, 21539 MiB, 23034 MiB
0, 100 %, 21539 MiB, 23034 MiB
1, 0 %, 0 MiB, 23034 MiB
2, 0 %, 0 MiB, 23034 MiB
3, 100 %, 21539 MiB, 23034 MiB
4, 100 %, 5344 MiB, 23034 MiB
5, 100 %, 21539 MiB, 23034 MiB
0, 100 %, 21539 MiB, 23034 MiB
1, 0 %, 0 MiB, 23034 MiB
2, 0 %, 0 MiB, 23034 MiB
3, 100 %, 21539 MiB, 23034 MiB
4, 100 %, 5344 MiB, 23034 MiB
5, 100 %, 21539 MiB, 23034 MiB
0, 100 %, 21539 MiB, 23034 MiB
1, 0 %, 0 MiB, 23034 MiB
2, 0 %, 0 MiB, 23034 MiB
3, 100 %, 21539 MiB, 23034 MiB
4, 100 %, 5344 MiB, 23034 MiB
5, 76 %, 21539 MiB, 23034 MiB
0, 100 %, 21539 MiB, 23034 MiB
1, 0 %, 0 MiB, 23034 MiB
2, 0 %, 0 MiB, 23034 MiB
3, 100 %, 21539 MiB, 23034 MiB
4, 100 %, 5344 MiB, 23034 MiB
5, 93 %, 21539 MiB, 23034 MiB
0, 100 %, 21539 MiB, 23034 MiB
1, 0 %, 0 MiB, 23034 MiB
2, 0 %, 0 MiB, 23034 MiB
3, 98 %, 21539 MiB, 23034 MiB
4, 100 %, 5344 MiB, 23034 MiB
5, 100 %, 21539 MiB, 23034 MiB
0, 98 %, 21539 MiB, 23034 MiB
1, 0 %, 0 MiB, 23034 MiB
2, 0 %, 0 MiB, 23034 MiB
3, 100 %, 21539 MiB, 23034 MiB
4, 100 %, 5344 MiB, 23034 MiB
5, 98 %, 21539 MiB, 23034 MiB
0, 100 %, 21539 MiB, 23034 MiB
1, 0 %, 0 MiB, 23034 MiB
2, 0 %, 0 MiB, 23034 MiB
3, 100 %, 21539 MiB, 23034 MiB
4, 100 %, 5344 MiB, 23034 MiB
5, 100 %, 21539 MiB, 23034 MiB
0, 100 %, 21539 MiB, 23034 MiB
1, 0 %, 0 MiB, 23034 MiB
2, 0 %, 0 MiB, 23034 MiB
3, 100 %, 21539 MiB, 23034 MiB
4, 100 %, 5344 MiB, 23034 MiB
5, 100 %, 21539 MiB, 23034 MiB
0, 100 %, 21539 MiB, 23034 MiB
1, 0 %, 0 MiB, 23034 MiB
2, 0 %, 0 MiB, 23034 MiB
3, 100 %, 21539 MiB, 23034 MiB
4, 100 %, 5344 MiB, 23034 MiB
5, 98 %, 21539 MiB, 23034 MiB
0, 96 %, 21539 MiB, 23034 MiB
1, 0 %, 0 MiB, 23034 MiB
2, 0 %, 0 MiB, 23034 MiB
3, 55 %, 21539 MiB, 23034 MiB
4, 100 %, 5344 MiB, 23034 MiB
5, 100 %, 21539 MiB, 23034 MiB
0, 67 %, 21539 MiB, 23034 MiB
1, 0 %, 0 MiB, 23034 MiB
2, 0 %, 0 MiB, 23034 MiB
3, 100 %, 21539 MiB, 23034 MiB
4, 100 %, 5344 MiB, 23034 MiB
5, 100 %, 21539 MiB, 23034 MiB
0, 100 %, 21539 MiB, 23034 MiB
1, 0 %, 0 MiB, 23034 MiB
2, 0 %, 0 MiB, 23034 MiB
3, 100 %, 21539 MiB, 23034 MiB
4, 100 %, 5344 MiB, 23034 MiB
5, 100 %, 21539 MiB, 23034 MiB
0, 100 %, 21539 MiB, 23034 MiB
1, 0 %, 0 MiB, 23034 MiB
2, 0 %, 0 MiB, 23034 MiB
3, 100 %, 21539 MiB, 23034 MiB
4, 100 %, 5344 MiB, 23034 MiB
5, 100 %, 21539 MiB, 23034 MiB
0, 100 %, 21539 MiB, 23034 MiB
1, 0 %, 0 MiB, 23034 MiB
2, 0 %, 0 MiB, 23034 MiB
3, 100 %, 21539 MiB, 23034 MiB
4, 100 %, 5344 MiB, 23034 MiB
5, 100 %, 21539 MiB, 23034 MiB
0, 100 %, 21539 MiB, 23034 MiB
1, 0 %, 0 MiB, 23034 MiB
2, 0 %, 0 MiB, 23034 MiB
3, 100 %, 21539 MiB, 23034 MiB
4, 100 %, 5344 MiB, 23034 MiB
5, 100 %, 21539 MiB, 23034 MiB
0, 100 %, 21539 MiB, 23034 MiB
1, 0 %, 0 MiB, 23034 MiB
2, 0 %, 0 MiB, 23034 MiB
3, 100 %, 21539 MiB, 23034 MiB
4, 100 %, 5344 MiB, 23034 MiB
5, 100 %, 21539 MiB, 23034 MiB
0, 65 %, 21539 MiB, 23034 MiB
1, 0 %, 0 MiB, 23034 MiB
2, 0 %, 0 MiB, 23034 MiB
3, 82 %, 21539 MiB, 23034 MiB
4, 100 %, 5344 MiB, 23034 MiB
5, 64 %, 21539 MiB, 23034 MiB
0, 100 %, 21539 MiB, 23034 MiB
1, 0 %, 0 MiB, 23034 MiB
2, 0 %, 0 MiB, 23034 MiB
3, 77 %, 21539 MiB, 23034 MiB
4, 100 %, 5344 MiB, 23034 MiB
5, 100 %, 21539 MiB, 23034 MiB
0, 100 %, 21539 MiB, 23034 MiB
1, 0 %, 0 MiB, 23034 MiB
2, 0 %, 0 MiB, 23034 MiB
3, 100 %, 21539 MiB, 23034 MiB
4, 100 %, 5344 MiB, 23034 MiB
5, 98 %, 21539 MiB, 23034 MiB
0, 100 %, 21539 MiB, 23034 MiB
1, 0 %, 0 MiB, 23034 MiB
2, 0 %, 0 MiB, 23034 MiB
3, 97 %, 21539 MiB, 23034 MiB
4, 100 %, 5344 MiB, 23034 MiB
5, 100 %, 21539 MiB, 23034 MiB
0, 100 %, 21539 MiB, 23034 MiB
1, 0 %, 0 MiB, 23034 MiB
2, 0 %, 0 MiB, 23034 MiB
3, 100 %, 21539 MiB, 23034 MiB
4, 100 %, 5344 MiB, 23034 MiB
5, 100 %, 21539 MiB, 23034 MiB
0, 100 %, 21539 MiB, 23034 MiB
1, 0 %, 0 MiB, 23034 MiB
2, 0 %, 0 MiB, 23034 MiB
3, 100 %, 21539 MiB, 23034 MiB
4, 100 %, 5344 MiB, 23034 MiB
5, 100 %, 21539 MiB, 23034 MiB
0, 100 %, 21539 MiB, 23034 MiB
1, 0 %, 0 MiB, 23034 MiB
2, 0 %, 0 MiB, 23034 MiB
3, 100 %, 21539 MiB, 23034 MiB
4, 96 %, 5344 MiB, 23034 MiB
5, 100 %, 21539 MiB, 23034 MiB
0, 50 %, 21539 MiB, 23034 MiB
1, 0 %, 0 MiB, 23034 MiB
2, 0 %, 0 MiB, 23034 MiB
3, 100 %, 21539 MiB, 23034 MiB
4, 70 %, 5344 MiB, 23034 MiB
5, 99 %, 21539 MiB, 23034 MiB
0, 100 %, 21539 MiB, 23034 MiB
1, 0 %, 0 MiB, 23034 MiB
2, 0 %, 0 MiB, 23034 MiB
3, 58 %, 21539 MiB, 23034 MiB
4, 59 %, 5344 MiB, 23034 MiB
5, 75 %, 21539 MiB, 23034 MiB
0, 100 %, 21539 MiB, 23034 MiB
1, 0 %, 0 MiB, 23034 MiB
2, 0 %, 0 MiB, 23034 MiB
3, 100 %, 21539 MiB, 23034 MiB
4, 29 %, 5344 MiB, 23034 MiB
5, 100 %, 21539 MiB, 23034 MiB
0, 97 %, 21539 MiB, 23034 MiB
1, 0 %, 0 MiB, 23034 MiB
2, 0 %, 0 MiB, 23034 MiB
3, 100 %, 21539 MiB, 23034 MiB
4, 100 %, 5344 MiB, 23034 MiB
5, 100 %, 21539 MiB, 23034 MiB
0, 100 %, 21539 MiB, 23034 MiB
1, 0 %, 0 MiB, 23034 MiB
2, 0 %, 0 MiB, 23034 MiB
3, 98 %, 21539 MiB, 23034 MiB
4, 100 %, 5344 MiB, 23034 MiB
5, 97 %, 21539 MiB, 23034 MiB
0, 100 %, 21539 MiB, 23034 MiB
1, 0 %, 0 MiB, 23034 MiB
2, 0 %, 0 MiB, 23034 MiB
3, 100 %, 21539 MiB, 23034 MiB
4, 100 %, 5344 MiB, 23034 MiB
5, 100 %, 21539 MiB, 23034 MiB
0, 100 %, 21539 MiB, 23034 MiB
1, 0 %, 0 MiB, 23034 MiB
2, 0 %, 0 MiB, 23034 MiB
3, 100 %, 21539 MiB, 23034 MiB
4, 100 %, 5344 MiB, 23034 MiB
5, 100 %, 21539 MiB, 23034 MiB
0, 100 %, 21539 MiB, 23034 MiB
1, 0 %, 0 MiB, 23034 MiB
2, 0 %, 0 MiB, 23034 MiB
3, 63 %, 21539 MiB, 23034 MiB
4, 100 %, 5344 MiB, 23034 MiB
5, 100 %, 21539 MiB, 23034 MiB
0, 48 %, 21539 MiB, 23034 MiB
1, 0 %, 0 MiB, 23034 MiB
2, 0 %, 0 MiB, 23034 MiB
3, 100 %, 21539 MiB, 23034 MiB
4, 100 %, 5344 MiB, 23034 MiB
5, 100 %, 21539 MiB, 23034 MiB
0, 100 %, 21539 MiB, 23034 MiB
1, 0 %, 0 MiB, 23034 MiB
2, 0 %, 0 MiB, 23034 MiB
3, 100 %, 21539 MiB, 23034 MiB
4, 100 %, 5344 MiB, 23034 MiB
5, 58 %, 21539 MiB, 23034 MiB
0, 100 %, 21539 MiB, 23034 MiB
1, 0 %, 0 MiB, 23034 MiB
2, 0 %, 0 MiB, 23034 MiB
3, 100 %, 21539 MiB, 23034 MiB
4, 100 %, 5344 MiB, 23034 MiB
5, 97 %, 21539 MiB, 23034 MiB
0, 100 %, 21539 MiB, 23034 MiB
1, 0 %, 0 MiB, 23034 MiB
2, 0 %, 0 MiB, 23034 MiB
3, 100 %, 21539 MiB, 23034 MiB
4, 100 %, 5344 MiB, 23034 MiB
5, 100 %, 21539 MiB, 23034 MiB
0, 100 %, 21539 MiB, 23034 MiB
1, 0 %, 0 MiB, 23034 MiB
2, 0 %, 0 MiB, 23034 MiB
3, 100 %, 21539 MiB, 23034 MiB
4, 100 %, 5344 MiB, 23034 MiB
5, 100 %, 21539 MiB, 23034 MiB
0, 100 %, 21539 MiB, 23034 MiB
1, 0 %, 0 MiB, 23034 MiB
2, 0 %, 0 MiB, 23034 MiB
3, 95 %, 21539 MiB, 23034 MiB
4, 100 %, 5344 MiB, 23034 MiB
5, 100 %, 21539 MiB, 23034 MiB
0, 86 %, 21539 MiB, 23034 MiB
1, 0 %, 0 MiB, 23034 MiB
2, 0 %, 0 MiB, 23034 MiB
3, 66 %, 21539 MiB, 23034 MiB
4, 100 %, 5344 MiB, 23034 MiB
5, 89 %, 21539 MiB, 23034 MiB
0, 87 %, 21539 MiB, 23034 MiB
1, 0 %, 0 MiB, 23034 MiB
2, 0 %, 0 MiB, 23034 MiB
3, 100 %, 21539 MiB, 23034 MiB
4, 100 %, 5344 MiB, 23034 MiB
5, 100 %, 21539 MiB, 23034 MiB
0, 100 %, 21539 MiB, 23034 MiB
1, 0 %, 0 MiB, 23034 MiB
2, 0 %, 0 MiB, 23034 MiB
3, 99 %, 21539 MiB, 23034 MiB
4, 10 %, 5344 MiB, 23034 MiB
5, 97 %, 21539 MiB, 23034 MiB
0, 100 %, 21539 MiB, 23034 MiB
1, 0 %, 0 MiB, 23034 MiB
2, 0 %, 0 MiB, 23034 MiB
3, 100 %, 21539 MiB, 23034 MiB
4, 100 %, 5344 MiB, 23034 MiB
5, 100 %, 21539 MiB, 23034 MiB
0, 100 %, 21539 MiB, 23034 MiB
1, 0 %, 0 MiB, 23034 MiB
2, 0 %, 0 MiB, 23034 MiB
3, 100 %, 21539 MiB, 23034 MiB
4, 100 %, 5344 MiB, 23034 MiB
5, 100 %, 21539 MiB, 23034 MiB
0, 100 %, 21539 MiB, 23034 MiB
1, 0 %, 0 MiB, 23034 MiB
2, 0 %, 0 MiB, 23034 MiB
3, 100 %, 21539 MiB, 23034 MiB
4, 86 %, 5344 MiB, 23034 MiB
5, 100 %, 21539 MiB, 23034 MiB
0, 67 %, 21539 MiB, 23034 MiB
1, 0 %, 0 MiB, 23034 MiB
2, 0 %, 0 MiB, 23034 MiB
3, 50 %, 21539 MiB, 23034 MiB
4, 100 %, 5344 MiB, 23034 MiB
5, 53 %, 21539 MiB, 23034 MiB
0, 100 %, 21539 MiB, 23034 MiB
1, 0 %, 0 MiB, 23034 MiB
2, 0 %, 0 MiB, 23034 MiB
3, 100 %, 21539 MiB, 23034 MiB
4, 100 %, 5344 MiB, 23034 MiB
5, 100 %, 21539 MiB, 23034 MiB
0, 100 %, 21539 MiB, 23034 MiB
1, 0 %, 0 MiB, 23034 MiB
2, 0 %, 0 MiB, 23034 MiB
3, 100 %, 21539 MiB, 23034 MiB
4, 97 %, 5344 MiB, 23034 MiB
5, 100 %, 21539 MiB, 23034 MiB
0, 97 %, 21539 MiB, 23034 MiB
1, 0 %, 0 MiB, 23034 MiB
2, 0 %, 0 MiB, 23034 MiB
3, 97 %, 21539 MiB, 23034 MiB
4, 87 %, 5344 MiB, 23034 MiB
5, 98 %, 21539 MiB, 23034 MiB
0, 100 %, 21539 MiB, 23034 MiB
1, 0 %, 0 MiB, 23034 MiB
2, 0 %, 0 MiB, 23034 MiB
3, 100 %, 21539 MiB, 23034 MiB
4, 100 %, 5344 MiB, 23034 MiB
5, 100 %, 21539 MiB, 23034 MiB
0, 100 %, 21539 MiB, 23034 MiB
1, 0 %, 0 MiB, 23034 MiB
2, 0 %, 0 MiB, 23034 MiB
3, 100 %, 21539 MiB, 23034 MiB
4, 68 %, 5344 MiB, 23034 MiB
5, 100 %, 21539 MiB, 23034 MiB
0, 100 %, 21539 MiB, 23034 MiB
1, 0 %, 0 MiB, 23034 MiB
2, 0 %, 0 MiB, 23034 MiB
3, 100 %, 21539 MiB, 23034 MiB
4, 61 %, 5344 MiB, 23034 MiB
5, 100 %, 21539 MiB, 23034 MiB
0, 100 %, 21539 MiB, 23034 MiB
1, 0 %, 0 MiB, 23034 MiB
2, 0 %, 0 MiB, 23034 MiB
3, 100 %, 21539 MiB, 23034 MiB
4, 66 %, 5344 MiB, 23034 MiB
5, 100 %, 21539 MiB, 23034 MiB
0, 41 %, 21539 MiB, 23034 MiB
1, 0 %, 0 MiB, 23034 MiB
2, 0 %, 0 MiB, 23034 MiB
3, 100 %, 21539 MiB, 23034 MiB
4, 100 %, 5344 MiB, 23034 MiB
5, 100 %, 21539 MiB, 23034 MiB
0, 97 %, 21539 MiB, 23034 MiB
1, 0 %, 0 MiB, 23034 MiB
2, 0 %, 0 MiB, 23034 MiB
3, 97 %, 21539 MiB, 23034 MiB
4, 100 %, 5344 MiB, 23034 MiB
5, 96 %, 21539 MiB, 23034 MiB
0, 100 %, 21539 MiB, 23034 MiB
1, 0 %, 0 MiB, 23034 MiB
2, 0 %, 0 MiB, 23034 MiB
3, 100 %, 21539 MiB, 23034 MiB
4, 100 %, 5344 MiB, 23034 MiB
5, 100 %, 21539 MiB, 23034 MiB
0, 100 %, 21539 MiB, 23034 MiB
1, 0 %, 0 MiB, 23034 MiB
2, 0 %, 0 MiB, 23034 MiB
3, 100 %, 21539 MiB, 23034 MiB
4, 100 %, 5344 MiB, 23034 MiB
5, 100 %, 21539 MiB, 23034 MiB
0, 100 %, 21539 MiB, 23034 MiB
1, 0 %, 0 MiB, 23034 MiB
2, 0 %, 0 MiB, 23034 MiB
3, 100 %, 21539 MiB, 23034 MiB
4, 100 %, 5344 MiB, 23034 MiB
5, 94 %, 21539 MiB, 23034 MiB
0, 100 %, 21539 MiB, 23034 MiB
1, 0 %, 0 MiB, 23034 MiB
2, 0 %, 0 MiB, 23034 MiB
3, 99 %, 21539 MiB, 23034 MiB
4, 100 %, 5344 MiB, 23034 MiB
5, 65 %, 21539 MiB, 23034 MiB
0, 69 %, 21539 MiB, 23034 MiB
1, 0 %, 0 MiB, 23034 MiB
2, 0 %, 0 MiB, 23034 MiB
3, 65 %, 21539 MiB, 23034 MiB
4, 100 %, 5344 MiB, 23034 MiB
5, 100 %, 21539 MiB, 23034 MiB
0, 100 %, 21539 MiB, 23034 MiB
1, 0 %, 0 MiB, 23034 MiB
2, 0 %, 0 MiB, 23034 MiB
3, 100 %, 21539 MiB, 23034 MiB
4, 100 %, 5344 MiB, 23034 MiB
5, 98 %, 21539 MiB, 23034 MiB
0, 100 %, 21539 MiB, 23034 MiB
1, 0 %, 0 MiB, 23034 MiB
2, 0 %, 0 MiB, 23034 MiB
3, 100 %, 21539 MiB, 23034 MiB
4, 100 %, 5344 MiB, 23034 MiB
5, 97 %, 21539 MiB, 23034 MiB
0, 100 %, 21539 MiB, 23034 MiB
1, 0 %, 0 MiB, 23034 MiB
2, 0 %, 0 MiB, 23034 MiB
3, 100 %, 21539 MiB, 23034 MiB
4, 100 %, 5344 MiB, 23034 MiB
5, 100 %, 21539 MiB, 23034 MiB
0, 100 %, 21539 MiB, 23034 MiB
1, 0 %, 0 MiB, 23034 MiB
2, 0 %, 0 MiB, 23034 MiB
3, 100 %, 21539 MiB, 23034 MiB
4, 100 %, 5344 MiB, 23034 MiB
5, 100 %, 21539 MiB, 23034 MiB
0, 100 %, 21539 MiB, 23034 MiB
1, 0 %, 0 MiB, 23034 MiB
2, 0 %, 0 MiB, 23034 MiB
3, 100 %, 21539 MiB, 23034 MiB
4, 100 %, 5344 MiB, 23034 MiB
5, 100 %, 21539 MiB, 23034 MiB
0, 49 %, 21539 MiB, 23034 MiB
1, 0 %, 0 MiB, 23034 MiB
2, 0 %, 0 MiB, 23034 MiB
3, 52 %, 21539 MiB, 23034 MiB
4, 100 %, 5344 MiB, 23034 MiB
5, 100 %, 21539 MiB, 23034 MiB
0, 100 %, 21539 MiB, 23034 MiB
1, 0 %, 0 MiB, 23034 MiB
2, 0 %, 0 MiB, 23034 MiB
3, 97 %, 21539 MiB, 23034 MiB
4, 100 %, 5344 MiB, 23034 MiB
5, 100 %, 21539 MiB, 23034 MiB
0, 100 %, 21539 MiB, 23034 MiB
1, 0 %, 0 MiB, 23034 MiB
2, 0 %, 0 MiB, 23034 MiB
3, 100 %, 21539 MiB, 23034 MiB
4, 100 %, 5344 MiB, 23034 MiB
5, 97 %, 21539 MiB, 23034 MiB
0, 100 %, 21539 MiB, 23034 MiB
1, 0 %, 0 MiB, 23034 MiB
2, 0 %, 0 MiB, 23034 MiB
3, 100 %, 21539 MiB, 23034 MiB
4, 100 %, 5344 MiB, 23034 MiB
5, 100 %, 21539 MiB, 23034 MiB
0, 100 %, 21539 MiB, 23034 MiB
1, 0 %, 0 MiB, 23034 MiB
2, 0 %, 0 MiB, 23034 MiB
3, 100 %, 21539 MiB, 23034 MiB
4, 100 %, 5344 MiB, 23034 MiB
5, 100 %, 21539 MiB, 23034 MiB
0, 100 %, 21539 MiB, 23034 MiB
1, 0 %, 0 MiB, 23034 MiB
2, 0 %, 0 MiB, 23034 MiB
3, 100 %, 21539 MiB, 23034 MiB
4, 100 %, 5344 MiB, 23034 MiB
5, 100 %, 21539 MiB, 23034 MiB
0, 67 %, 21539 MiB, 23034 MiB
1, 0 %, 0 MiB, 23034 MiB
2, 0 %, 0 MiB, 23034 MiB
3, 100 %, 21539 MiB, 23034 MiB
4, 100 %, 5344 MiB, 23034 MiB
5, 100 %, 21539 MiB, 23034 MiB
0, 97 %, 21539 MiB, 23034 MiB
1, 0 %, 0 MiB, 23034 MiB
2, 0 %, 0 MiB, 23034 MiB
3, 98 %, 21539 MiB, 23034 MiB
4, 100 %, 5344 MiB, 23034 MiB
5, 100 %, 21539 MiB, 23034 MiB
0, 100 %, 21539 MiB, 23034 MiB
1, 0 %, 0 MiB, 23034 MiB
2, 0 %, 0 MiB, 23034 MiB
3, 100 %, 21539 MiB, 23034 MiB
4, 100 %, 5344 MiB, 23034 MiB
5, 98 %, 21539 MiB, 23034 MiB
0, 100 %, 21539 MiB, 23034 MiB
1, 0 %, 0 MiB, 23034 MiB
2, 0 %, 0 MiB, 23034 MiB
3, 100 %, 21539 MiB, 23034 MiB
4, 100 %, 5344 MiB, 23034 MiB
5, 100 %, 21539 MiB, 23034 MiB
0, 100 %, 21539 MiB, 23034 MiB
1, 0 %, 0 MiB, 23034 MiB
2, 0 %, 0 MiB, 23034 MiB
3, 100 %, 21539 MiB, 23034 MiB
4, 89 %, 5344 MiB, 23034 MiB
5, 100 %, 21539 MiB, 23034 MiB
0, 100 %, 21539 MiB, 23034 MiB
1, 0 %, 0 MiB, 23034 MiB
2, 0 %, 0 MiB, 23034 MiB
3, 100 %, 21539 MiB, 23034 MiB
4, 100 %, 5344 MiB, 23034 MiB
5, 78 %, 21539 MiB, 23034 MiB
0, 88 %, 21539 MiB, 23034 MiB
1, 0 %, 0 MiB, 23034 MiB
2, 0 %, 0 MiB, 23034 MiB
3, 81 %, 21539 MiB, 23034 MiB
4, 100 %, 5344 MiB, 23034 MiB
5, 91 %, 21539 MiB, 23034 MiB
0, 87 %, 21539 MiB, 23034 MiB
1, 0 %, 0 MiB, 23034 MiB
2, 0 %, 0 MiB, 23034 MiB
3, 89 %, 21539 MiB, 23034 MiB
4, 100 %, 5344 MiB, 23034 MiB
5, 97 %, 21539 MiB, 23034 MiB
0, 100 %, 21539 MiB, 23034 MiB
1, 0 %, 0 MiB, 23034 MiB
2, 0 %, 0 MiB, 23034 MiB
3, 100 %, 21539 MiB, 23034 MiB
4, 100 %, 5344 MiB, 23034 MiB
5, 100 %, 21539 MiB, 23034 MiB
0, 97 %, 21539 MiB, 23034 MiB
1, 0 %, 0 MiB, 23034 MiB
2, 0 %, 0 MiB, 23034 MiB
3, 100 %, 21539 MiB, 23034 MiB
4, 100 %, 5344 MiB, 23034 MiB
5, 100 %, 21539 MiB, 23034 MiB
0, 100 %, 21539 MiB, 23034 MiB
1, 0 %, 0 MiB, 23034 MiB
2, 0 %, 0 MiB, 23034 MiB
3, 100 %, 21539 MiB, 23034 MiB
4, 100 %, 5344 MiB, 23034 MiB
5, 100 %, 21539 MiB, 23034 MiB
0, 100 %, 21539 MiB, 23034 MiB
1, 0 %, 0 MiB, 23034 MiB
2, 0 %, 0 MiB, 23034 MiB
3, 100 %, 21539 MiB, 23034 MiB
4, 100 %, 5344 MiB, 23034 MiB
5, 54 %, 21539 MiB, 23034 MiB
0, 100 %, 21539 MiB, 23034 MiB
1, 0 %, 0 MiB, 23034 MiB
2, 0 %, 0 MiB, 23034 MiB
3, 100 %, 21539 MiB, 23034 MiB
4, 100 %, 5344 MiB, 23034 MiB
5, 100 %, 21539 MiB, 23034 MiB
0, 56 %, 21539 MiB, 23034 MiB
1, 0 %, 0 MiB, 23034 MiB
2, 0 %, 0 MiB, 23034 MiB
3, 100 %, 21539 MiB, 23034 MiB
4, 76 %, 5344 MiB, 23034 MiB
5, 100 %, 21539 MiB, 23034 MiB
0, 97 %, 21539 MiB, 23034 MiB
1, 0 %, 0 MiB, 23034 MiB
2, 0 %, 0 MiB, 23034 MiB
3, 97 %, 21539 MiB, 23034 MiB
4, 73 %, 5344 MiB, 23034 MiB
5, 97 %, 21539 MiB, 23034 MiB
0, 100 %, 21539 MiB, 23034 MiB
1, 0 %, 0 MiB, 23034 MiB
2, 0 %, 0 MiB, 23034 MiB
3, 100 %, 21539 MiB, 23034 MiB
4, 83 %, 5344 MiB, 23034 MiB
5, 100 %, 21539 MiB, 23034 MiB
0, 100 %, 21539 MiB, 23034 MiB
1, 0 %, 0 MiB, 23034 MiB
2, 0 %, 0 MiB, 23034 MiB
3, 100 %, 21539 MiB, 23034 MiB
4, 62 %, 5344 MiB, 23034 MiB
5, 100 %, 21539 MiB, 23034 MiB
0, 100 %, 21539 MiB, 23034 MiB
1, 0 %, 0 MiB, 23034 MiB
2, 0 %, 0 MiB, 23034 MiB
3, 100 %, 21539 MiB, 23034 MiB
4, 100 %, 5344 MiB, 23034 MiB
5, 100 %, 21539 MiB, 23034 MiB
0, 100 %, 21539 MiB, 23034 MiB
1, 0 %, 0 MiB, 23034 MiB
2, 0 %, 0 MiB, 23034 MiB
3, 61 %, 21539 MiB, 23034 MiB
4, 100 %, 5344 MiB, 23034 MiB
5, 100 %, 21539 MiB, 23034 MiB
0, 100 %, 21539 MiB, 23034 MiB
1, 0 %, 0 MiB, 23034 MiB
2, 0 %, 0 MiB, 23034 MiB
3, 100 %, 21539 MiB, 23034 MiB
4, 100 %, 5344 MiB, 23034 MiB
5, 100 %, 21539 MiB, 23034 MiB
0, 97 %, 21539 MiB, 23034 MiB
1, 0 %, 0 MiB, 23034 MiB
2, 0 %, 0 MiB, 23034 MiB
3, 100 %, 21539 MiB, 23034 MiB
4, 100 %, 5344 MiB, 23034 MiB
5, 98 %, 21539 MiB, 23034 MiB
0, 100 %, 21539 MiB, 23034 MiB
1, 0 %, 0 MiB, 23034 MiB
2, 0 %, 0 MiB, 23034 MiB
3, 96 %, 21539 MiB, 23034 MiB
4, 100 %, 5344 MiB, 23034 MiB
5, 100 %, 21539 MiB, 23034 MiB
0, 100 %, 21539 MiB, 23034 MiB
1, 0 %, 0 MiB, 23034 MiB
2, 0 %, 0 MiB, 23034 MiB
3, 100 %, 21539 MiB, 23034 MiB
4, 100 %, 5344 MiB, 23034 MiB
5, 100 %, 21539 MiB, 23034 MiB
0, 100 %, 21539 MiB, 23034 MiB
1, 0 %, 0 MiB, 23034 MiB
2, 0 %, 0 MiB, 23034 MiB
3, 100 %, 21539 MiB, 23034 MiB
4, 100 %, 5344 MiB, 23034 MiB
5, 100 %, 21539 MiB, 23034 MiB
0, 75 %, 21539 MiB, 23034 MiB
1, 0 %, 0 MiB, 23034 MiB
2, 0 %, 0 MiB, 23034 MiB
3, 86 %, 21539 MiB, 23034 MiB
4, 100 %, 5344 MiB, 23034 MiB
5, 100 %, 21539 MiB, 23034 MiB
0, 92 %, 21539 MiB, 23034 MiB
1, 0 %, 0 MiB, 23034 MiB
2, 0 %, 0 MiB, 23034 MiB
3, 100 %, 21539 MiB, 23034 MiB
4, 100 %, 5344 MiB, 23034 MiB
5, 48 %, 21539 MiB, 23034 MiB
0, 100 %, 21539 MiB, 23034 MiB
1, 0 %, 0 MiB, 23034 MiB
2, 0 %, 0 MiB, 23034 MiB
3, 97 %, 21539 MiB, 23034 MiB
4, 100 %, 5344 MiB, 23034 MiB
5, 100 %, 21539 MiB, 23034 MiB
0, 97 %, 21539 MiB, 23034 MiB
1, 0 %, 0 MiB, 23034 MiB
2, 0 %, 0 MiB, 23034 MiB
3, 100 %, 21539 MiB, 23034 MiB
4, 100 %, 5344 MiB, 23034 MiB
5, 100 %, 21539 MiB, 23034 MiB
0, 100 %, 21539 MiB, 23034 MiB
1, 0 %, 0 MiB, 23034 MiB
2, 0 %, 0 MiB, 23034 MiB
3, 100 %, 21539 MiB, 23034 MiB
4, 100 %, 5344 MiB, 23034 MiB
5, 97 %, 21539 MiB, 23034 MiB
0, 100 %, 21539 MiB, 23034 MiB
1, 0 %, 0 MiB, 23034 MiB
2, 0 %, 0 MiB, 23034 MiB
3, 100 %, 21539 MiB, 23034 MiB
4, 100 %, 5344 MiB, 23034 MiB
5, 100 %, 21539 MiB, 23034 MiB
0, 100 %, 21539 MiB, 23034 MiB
1, 0 %, 0 MiB, 23034 MiB
2, 0 %, 0 MiB, 23034 MiB
3, 100 %, 21539 MiB, 23034 MiB
4, 100 %, 5344 MiB, 23034 MiB
5, 100 %, 21539 MiB, 23034 MiB
0, 100 %, 21539 MiB, 23034 MiB
1, 0 %, 0 MiB, 23034 MiB
2, 0 %, 0 MiB, 23034 MiB
3, 100 %, 21539 MiB, 23034 MiB
4, 100 %, 5344 MiB, 23034 MiB
5, 71 %, 21539 MiB, 23034 MiB
0, 86 %, 21539 MiB, 23034 MiB
1, 0 %, 0 MiB, 23034 MiB
2, 0 %, 0 MiB, 23034 MiB
3, 82 %, 21539 MiB, 23034 MiB
4, 100 %, 5344 MiB, 23034 MiB
5, 97 %, 21539 MiB, 23034 MiB
0, 100 %, 21539 MiB, 23034 MiB
1, 0 %, 0 MiB, 23034 MiB
2, 0 %, 0 MiB, 23034 MiB
3, 100 %, 21539 MiB, 23034 MiB
4, 100 %, 5344 MiB, 23034 MiB
5, 100 %, 21539 MiB, 23034 MiB
0, 100 %, 21539 MiB, 23034 MiB
1, 0 %, 0 MiB, 23034 MiB
2, 0 %, 0 MiB, 23034 MiB
3, 100 %, 21539 MiB, 23034 MiB
4, 100 %, 5344 MiB, 23034 MiB
5, 99 %, 21539 MiB, 23034 MiB
0, 100 %, 21539 MiB, 23034 MiB
1, 0 %, 0 MiB, 23034 MiB
2, 0 %, 0 MiB, 23034 MiB
3, 100 %, 21539 MiB, 23034 MiB
4, 100 %, 5344 MiB, 23034 MiB
5, 100 %, 21539 MiB, 23034 MiB
0, 100 %, 21539 MiB, 23034 MiB
1, 0 %, 0 MiB, 23034 MiB
2, 0 %, 0 MiB, 23034 MiB
3, 100 %, 21539 MiB, 23034 MiB
4, 100 %, 5344 MiB, 23034 MiB
5, 100 %, 21539 MiB, 23034 MiB
0, 100 %, 21539 MiB, 23034 MiB
1, 0 %, 0 MiB, 23034 MiB
2, 0 %, 0 MiB, 23034 MiB
3, 85 %, 21539 MiB, 23034 MiB
4, 100 %, 5344 MiB, 23034 MiB
5, 100 %, 21539 MiB, 23034 MiB
0, 60 %, 21539 MiB, 23034 MiB
1, 0 %, 0 MiB, 23034 MiB
2, 0 %, 0 MiB, 23034 MiB
3, 100 %, 21539 MiB, 23034 MiB
4, 100 %, 5344 MiB, 23034 MiB
5, 64 %, 21539 MiB, 23034 MiB
0, 100 %, 21539 MiB, 23034 MiB
1, 0 %, 0 MiB, 23034 MiB
2, 0 %, 0 MiB, 23034 MiB
3, 100 %, 21539 MiB, 23034 MiB
4, 100 %, 5344 MiB, 23034 MiB
5, 100 %, 21539 MiB, 23034 MiB
0, 100 %, 21539 MiB, 23034 MiB
1, 0 %, 0 MiB, 23034 MiB
2, 0 %, 0 MiB, 23034 MiB
3, 100 %, 21539 MiB, 23034 MiB
4, 68 %, 5344 MiB, 23034 MiB
5, 100 %, 21539 MiB, 23034 MiB
0, 0 %, 21539 MiB, 23034 MiB
1, 0 %, 0 MiB, 23034 MiB
2, 0 %, 0 MiB, 23034 MiB
3, 0 %, 21539 MiB, 23034 MiB
4, 10 %, 5344 MiB, 23034 MiB
5, 0 %, 21539 MiB, 23034 MiB
0, 0 %, 21539 MiB, 23034 MiB
1, 0 %, 0 MiB, 23034 MiB
2, 0 %, 0 MiB, 23034 MiB
3, 0 %, 21539 MiB, 23034 MiB
4, 0 %, 5344 MiB, 23034 MiB
5, 0 %, 21539 MiB, 23034 MiB
0, 52 %, 21539 MiB, 23034 MiB
1, 0 %, 0 MiB, 23034 MiB
2, 0 %, 0 MiB, 23034 MiB
3, 53 %, 21539 MiB, 23034 MiB
4, 16 %, 5344 MiB, 23034 MiB
5, 96 %, 21539 MiB, 23034 MiB
0, 100 %, 21539 MiB, 23034 MiB
1, 0 %, 0 MiB, 23034 MiB
2, 0 %, 0 MiB, 23034 MiB
3, 100 %, 21539 MiB, 23034 MiB
4, 100 %, 5344 MiB, 23034 MiB
5, 100 %, 21539 MiB, 23034 MiB
0, 57 %, 21539 MiB, 23034 MiB
1, 0 %, 0 MiB, 23034 MiB
2, 0 %, 0 MiB, 23034 MiB
3, 41 %, 21539 MiB, 23034 MiB
4, 100 %, 5344 MiB, 23034 MiB
5, 60 %, 21539 MiB, 23034 MiB
0, 100 %, 21539 MiB, 23034 MiB
1, 0 %, 0 MiB, 23034 MiB
2, 0 %, 0 MiB, 23034 MiB
3, 98 %, 21539 MiB, 23034 MiB
4, 100 %, 5344 MiB, 23034 MiB
5, 88 %, 21539 MiB, 23034 MiB
0, 68 %, 21539 MiB, 23034 MiB
1, 0 %, 0 MiB, 23034 MiB
2, 0 %, 0 MiB, 23034 MiB
3, 100 %, 21539 MiB, 23034 MiB
4, 100 %, 5344 MiB, 23034 MiB
5, 100 %, 21539 MiB, 23034 MiB
0, 100 %, 21539 MiB, 23034 MiB
1, 0 %, 0 MiB, 23034 MiB
2, 0 %, 0 MiB, 23034 MiB
3, 83 %, 21539 MiB, 23034 MiB
4, 100 %, 5344 MiB, 23034 MiB
5, 73 %, 21539 MiB, 23034 MiB
0, 60 %, 21539 MiB, 23034 MiB
1, 0 %, 0 MiB, 23034 MiB
2, 0 %, 0 MiB, 23034 MiB
3, 62 %, 21539 MiB, 23034 MiB
4, 100 %, 5344 MiB, 23034 MiB
5, 15 %, 21539 MiB, 23034 MiB
0, 100 %, 21539 MiB, 23034 MiB
1, 0 %, 0 MiB, 23034 MiB
2, 0 %, 0 MiB, 23034 MiB
3, 100 %, 21539 MiB, 23034 MiB
4, 100 %, 5344 MiB, 23034 MiB
5, 26 %, 21539 MiB, 23034 MiB
0, 33 %, 21539 MiB, 23034 MiB
1, 0 %, 0 MiB, 23034 MiB
2, 0 %, 0 MiB, 23034 MiB
3, 99 %, 21539 MiB, 23034 MiB
4, 100 %, 5344 MiB, 23034 MiB
5, 61 %, 21539 MiB, 23034 MiB
0, 60 %, 21539 MiB, 23034 MiB
1, 0 %, 0 MiB, 23034 MiB
2, 0 %, 0 MiB, 23034 MiB
3, 100 %, 21539 MiB, 23034 MiB
4, 100 %, 5344 MiB, 23034 MiB
5, 100 %, 21539 MiB, 23034 MiB
0, 56 %, 21539 MiB, 23034 MiB
1, 0 %, 0 MiB, 23034 MiB
2, 0 %, 0 MiB, 23034 MiB
3, 82 %, 21539 MiB, 23034 MiB
4, 100 %, 5344 MiB, 23034 MiB
5, 53 %, 21539 MiB, 23034 MiB
0, 32 %, 21539 MiB, 23034 MiB
1, 0 %, 0 MiB, 23034 MiB
2, 0 %, 0 MiB, 23034 MiB
3, 98 %, 21539 MiB, 23034 MiB
4, 100 %, 5344 MiB, 23034 MiB
5, 29 %, 21539 MiB, 23034 MiB
0, 100 %, 21539 MiB, 23034 MiB
1, 0 %, 0 MiB, 23034 MiB
2, 0 %, 0 MiB, 23034 MiB
3, 0 %, 21539 MiB, 23034 MiB
4, 100 %, 5344 MiB, 23034 MiB
5, 52 %, 21539 MiB, 23034 MiB
0, 84 %, 21539 MiB, 23034 MiB
1, 0 %, 0 MiB, 23034 MiB
2, 0 %, 0 MiB, 23034 MiB
3, 100 %, 21539 MiB, 23034 MiB
4, 100 %, 5344 MiB, 23034 MiB
5, 100 %, 21539 MiB, 23034 MiB
0, 50 %, 21539 MiB, 23034 MiB
1, 0 %, 0 MiB, 23034 MiB
2, 0 %, 0 MiB, 23034 MiB
3, 56 %, 21539 MiB, 23034 MiB
4, 100 %, 5344 MiB, 23034 MiB
5, 95 %, 21539 MiB, 23034 MiB
0, 100 %, 21539 MiB, 23034 MiB
1, 0 %, 0 MiB, 23034 MiB
2, 0 %, 0 MiB, 23034 MiB
3, 100 %, 21539 MiB, 23034 MiB
4, 100 %, 5344 MiB, 23034 MiB
5, 76 %, 21539 MiB, 23034 MiB
0, 100 %, 21539 MiB, 23034 MiB
1, 0 %, 0 MiB, 23034 MiB
2, 0 %, 0 MiB, 23034 MiB
3, 100 %, 21539 MiB, 23034 MiB
4, 100 %, 5344 MiB, 23034 MiB
5, 100 %, 21539 MiB, 23034 MiB
0, 75 %, 21539 MiB, 23034 MiB
1, 0 %, 0 MiB, 23034 MiB
2, 0 %, 0 MiB, 23034 MiB
3, 0 %, 21539 MiB, 23034 MiB
4, 100 %, 5344 MiB, 23034 MiB
5, 100 %, 21539 MiB, 23034 MiB
0, 18 %, 21539 MiB, 23034 MiB
1, 0 %, 0 MiB, 23034 MiB
2, 0 %, 0 MiB, 23034 MiB
3, 45 %, 21539 MiB, 23034 MiB
4, 100 %, 5344 MiB, 23034 MiB
5, 100 %, 21539 MiB, 23034 MiB
0, 100 %, 21539 MiB, 23034 MiB
1, 0 %, 0 MiB, 23034 MiB
2, 0 %, 0 MiB, 23034 MiB
3, 21 %, 21539 MiB, 23034 MiB
4, 32 %, 5344 MiB, 23034 MiB
5, 99 %, 21539 MiB, 23034 MiB
0, 100 %, 21539 MiB, 23034 MiB
1, 0 %, 3 MiB, 23034 MiB
2, 0 %, 17 MiB, 23034 MiB
3, 93 %, 21539 MiB, 23034 MiB
4, 0 %, 5344 MiB, 23034 MiB
5, 53 %, 21539 MiB, 23034 MiB
0, 50 %, 21539 MiB, 23034 MiB
1, 0 %, 3 MiB, 23034 MiB
2, 0 %, 194 MiB, 23034 MiB
3, 66 %, 21539 MiB, 23034 MiB
4, 100 %, 5344 MiB, 23034 MiB
5, 55 %, 21539 MiB, 23034 MiB
0, 99 %, 21539 MiB, 23034 MiB
1, 0 %, 3 MiB, 23034 MiB
2, 0 %, 194 MiB, 23034 MiB
3, 82 %, 21539 MiB, 23034 MiB
4, 100 %, 5344 MiB, 23034 MiB
5, 100 %, 21539 MiB, 23034 MiB
0, 99 %, 21539 MiB, 23034 MiB
1, 0 %, 3 MiB, 23034 MiB
2, 0 %, 194 MiB, 23034 MiB
3, 34 %, 21539 MiB, 23034 MiB
4, 0 %, 5344 MiB, 23034 MiB
5, 29 %, 21539 MiB, 23034 MiB
0, 87 %, 21539 MiB, 23034 MiB
1, 0 %, 3 MiB, 23034 MiB
2, 0 %, 194 MiB, 23034 MiB
3, 100 %, 21539 MiB, 23034 MiB
4, 3 %, 5344 MiB, 23034 MiB
5, 0 %, 21539 MiB, 23034 MiB
0, 99 %, 21539 MiB, 23034 MiB
1, 0 %, 3 MiB, 23034 MiB
2, 0 %, 194 MiB, 23034 MiB
3, 98 %, 21539 MiB, 23034 MiB
4, 100 %, 5344 MiB, 23034 MiB
5, 100 %, 21539 MiB, 23034 MiB
0, 100 %, 21539 MiB, 23034 MiB
1, 44 %, 9329 MiB, 23034 MiB
2, 39 %, 10593 MiB, 23034 MiB
3, 64 %, 21539 MiB, 23034 MiB
4, 100 %, 5344 MiB, 23034 MiB
5, 0 %, 21539 MiB, 23034 MiB
0, 21 %, 21539 MiB, 23034 MiB
1, 100 %, 20617 MiB, 23034 MiB
2, 89 %, 20617 MiB, 23034 MiB
3, 99 %, 21539 MiB, 23034 MiB
4, 100 %, 5344 MiB, 23034 MiB
5, 54 %, 21539 MiB, 23034 MiB
0, 100 %, 21539 MiB, 23034 MiB
1, 90 %, 20697 MiB, 23034 MiB
2, 86 %, 20697 MiB, 23034 MiB
3, 33 %, 21539 MiB, 23034 MiB
4, 100 %, 5344 MiB, 23034 MiB
5, 100 %, 21539 MiB, 23034 MiB
0, 37 %, 21539 MiB, 23034 MiB
1, 100 %, 20723 MiB, 23034 MiB
2, 100 %, 20725 MiB, 23034 MiB
3, 28 %, 21539 MiB, 23034 MiB
4, 100 %, 5344 MiB, 23034 MiB
5, 100 %, 21539 MiB, 23034 MiB
0, 40 %, 21539 MiB, 23034 MiB
1, 100 %, 20749 MiB, 23034 MiB
2, 100 %, 20749 MiB, 23034 MiB
3, 100 %, 21539 MiB, 23034 MiB
4, 100 %, 5344 MiB, 23034 MiB
5, 100 %, 21539 MiB, 23034 MiB
0, 48 %, 21539 MiB, 23034 MiB
1, 100 %, 20749 MiB, 23034 MiB
2, 100 %, 20751 MiB, 23034 MiB
3, 100 %, 21539 MiB, 23034 MiB
4, 100 %, 5344 MiB, 23034 MiB
5, 100 %, 21539 MiB, 23034 MiB
0, 100 %, 21539 MiB, 23034 MiB
1, 100 %, 20751 MiB, 23034 MiB
2, 100 %, 20751 MiB, 23034 MiB
3, 100 %, 21539 MiB, 23034 MiB
4, 100 %, 5344 MiB, 23034 MiB
5, 100 %, 21539 MiB, 23034 MiB
0, 100 %, 21539 MiB, 23034 MiB
1, 100 %, 20879 MiB, 23034 MiB
2, 100 %, 20881 MiB, 23034 MiB
3, 100 %, 21539 MiB, 23034 MiB
4, 100 %, 5344 MiB, 23034 MiB
5, 100 %, 21539 MiB, 23034 MiB
0, 76 %, 21539 MiB, 23034 MiB
1, 100 %, 20879 MiB, 23034 MiB
2, 88 %, 20881 MiB, 23034 MiB
3, 100 %, 21539 MiB, 23034 MiB
4, 100 %, 5344 MiB, 23034 MiB
5, 60 %, 21539 MiB, 23034 MiB
0, 99 %, 21539 MiB, 23034 MiB
1, 99 %, 20879 MiB, 23034 MiB
2, 100 %, 20881 MiB, 23034 MiB
3, 13 %, 21539 MiB, 23034 MiB
4, 100 %, 5344 MiB, 23034 MiB
5, 98 %, 21539 MiB, 23034 MiB
0, 100 %, 21539 MiB, 23034 MiB
1, 100 %, 20879 MiB, 23034 MiB
2, 100 %, 20881 MiB, 23034 MiB
3, 81 %, 21539 MiB, 23034 MiB
4, 100 %, 5344 MiB, 23034 MiB
5, 86 %, 21539 MiB, 23034 MiB
0, 100 %, 21539 MiB, 23034 MiB
1, 100 %, 20879 MiB, 23034 MiB
2, 100 %, 20881 MiB, 23034 MiB
3, 55 %, 21539 MiB, 23034 MiB
4, 100 %, 5344 MiB, 23034 MiB
5, 64 %, 21539 MiB, 23034 MiB
0, 100 %, 21539 MiB, 23034 MiB
1, 100 %, 20879 MiB, 23034 MiB
2, 99 %, 20881 MiB, 23034 MiB
3, 87 %, 21539 MiB, 23034 MiB
4, 100 %, 5344 MiB, 23034 MiB
5, 50 %, 21539 MiB, 23034 MiB
0, 100 %, 21539 MiB, 23034 MiB
1, 100 %, 20879 MiB, 23034 MiB
2, 100 %, 20881 MiB, 23034 MiB
3, 87 %, 21539 MiB, 23034 MiB
4, 100 %, 5344 MiB, 23034 MiB
5, 90 %, 21539 MiB, 23034 MiB
0, 100 %, 21539 MiB, 23034 MiB
1, 98 %, 20881 MiB, 23034 MiB
2, 0 %, 20883 MiB, 23034 MiB
3, 53 %, 21539 MiB, 23034 MiB
4, 100 %, 5344 MiB, 23034 MiB
5, 100 %, 21539 MiB, 23034 MiB
0, 100 %, 21539 MiB, 23034 MiB
1, 100 %, 20881 MiB, 23034 MiB
2, 100 %, 20883 MiB, 23034 MiB
3, 100 %, 21539 MiB, 23034 MiB
4, 100 %, 5344 MiB, 23034 MiB
5, 25 %, 21539 MiB, 23034 MiB
0, 3 %, 21539 MiB, 23034 MiB
1, 100 %, 20883 MiB, 23034 MiB
2, 100 %, 20883 MiB, 23034 MiB
3, 100 %, 21539 MiB, 23034 MiB
4, 100 %, 5344 MiB, 23034 MiB
5, 88 %, 21539 MiB, 23034 MiB
0, 30 %, 21539 MiB, 23034 MiB
1, 100 %, 20883 MiB, 23034 MiB
2, 94 %, 20883 MiB, 23034 MiB
3, 100 %, 21539 MiB, 23034 MiB
4, 100 %, 5344 MiB, 23034 MiB
5, 100 %, 21539 MiB, 23034 MiB
0, 100 %, 21539 MiB, 23034 MiB
1, 100 %, 20883 MiB, 23034 MiB
2, 100 %, 20883 MiB, 23034 MiB
3, 49 %, 21539 MiB, 23034 MiB
4, 100 %, 5344 MiB, 23034 MiB
5, 100 %, 21539 MiB, 23034 MiB
0, 100 %, 21539 MiB, 23034 MiB
1, 100 %, 20883 MiB, 23034 MiB
2, 100 %, 20883 MiB, 23034 MiB
3, 100 %, 21539 MiB, 23034 MiB
4, 100 %, 5344 MiB, 23034 MiB
5, 100 %, 21539 MiB, 23034 MiB
0, 58 %, 21539 MiB, 23034 MiB
1, 100 %, 20883 MiB, 23034 MiB
2, 100 %, 20883 MiB, 23034 MiB
3, 100 %, 21539 MiB, 23034 MiB
4, 100 %, 5344 MiB, 23034 MiB
5, 61 %, 21539 MiB, 23034 MiB
0, 5 %, 21539 MiB, 23034 MiB
1, 100 %, 20883 MiB, 23034 MiB
2, 100 %, 20883 MiB, 23034 MiB
3, 67 %, 21539 MiB, 23034 MiB
4, 100 %, 5344 MiB, 23034 MiB
5, 34 %, 21539 MiB, 23034 MiB
0, 91 %, 21539 MiB, 23034 MiB
1, 100 %, 20883 MiB, 23034 MiB
2, 44 %, 20883 MiB, 23034 MiB
3, 81 %, 21539 MiB, 23034 MiB
4, 100 %, 5344 MiB, 23034 MiB
5, 0 %, 21539 MiB, 23034 MiB
0, 73 %, 21539 MiB, 23034 MiB
1, 99 %, 17325 MiB, 23034 MiB
2, 100 %, 17425 MiB, 23034 MiB
3, 51 %, 21539 MiB, 23034 MiB
4, 100 %, 5344 MiB, 23034 MiB
5, 70 %, 21539 MiB, 23034 MiB
0, 42 %, 21539 MiB, 23034 MiB
1, 100 %, 17367 MiB, 23034 MiB
2, 100 %, 17473 MiB, 23034 MiB
3, 100 %, 21539 MiB, 23034 MiB
4, 100 %, 5344 MiB, 23034 MiB
5, 71 %, 21539 MiB, 23034 MiB
0, 69 %, 21539 MiB, 23034 MiB
1, 100 %, 17457 MiB, 23034 MiB
2, 100 %, 17477 MiB, 23034 MiB
3, 100 %, 21539 MiB, 23034 MiB
4, 100 %, 5344 MiB, 23034 MiB
5, 87 %, 21539 MiB, 23034 MiB
0, 100 %, 21539 MiB, 23034 MiB
1, 90 %, 17457 MiB, 23034 MiB
2, 98 %, 17477 MiB, 23034 MiB
3, 57 %, 21539 MiB, 23034 MiB
4, 29 %, 5344 MiB, 23034 MiB
5, 100 %, 21539 MiB, 23034 MiB
0, 100 %, 21539 MiB, 23034 MiB
1, 100 %, 17637 MiB, 23034 MiB
2, 100 %, 17477 MiB, 23034 MiB
3, 70 %, 21539 MiB, 23034 MiB
4, 0 %, 5344 MiB, 23034 MiB
5, 19 %, 21539 MiB, 23034 MiB
0, 69 %, 21539 MiB, 23034 MiB
1, 100 %, 17663 MiB, 23034 MiB
2, 0 %, 17503 MiB, 23034 MiB
3, 100 %, 21539 MiB, 23034 MiB
4, 100 %, 5344 MiB, 23034 MiB
5, 89 %, 21539 MiB, 23034 MiB
0, 32 %, 21539 MiB, 23034 MiB
1, 100 %, 17663 MiB, 23034 MiB
2, 100 %, 17503 MiB, 23034 MiB
3, 38 %, 21539 MiB, 23034 MiB
4, 100 %, 5344 MiB, 23034 MiB
5, 93 %, 21539 MiB, 23034 MiB
0, 100 %, 21539 MiB, 23034 MiB
1, 4 %, 18843 MiB, 23034 MiB
2, 100 %, 18443 MiB, 23034 MiB
3, 18 %, 21539 MiB, 23034 MiB
4, 68 %, 5344 MiB, 23034 MiB
5, 34 %, 21539 MiB, 23034 MiB
0, 64 %, 21539 MiB, 23034 MiB
1, 100 %, 19463 MiB, 23034 MiB
2, 100 %, 18883 MiB, 23034 MiB
3, 22 %, 21539 MiB, 23034 MiB
4, 0 %, 5344 MiB, 23034 MiB
5, 50 %, 21539 MiB, 23034 MiB
0, 76 %, 21539 MiB, 23034 MiB
1, 0 %, 16031 MiB, 23034 MiB
2, 0 %, 16049 MiB, 23034 MiB
3, 31 %, 21539 MiB, 23034 MiB
4, 100 %, 5344 MiB, 23034 MiB
5, 100 %, 21539 MiB, 23034 MiB
0, 59 %, 21539 MiB, 23034 MiB
1, 0 %, 0 MiB, 23034 MiB
2, 0 %, 0 MiB, 23034 MiB
3, 100 %, 21539 MiB, 23034 MiB
4, 100 %, 5344 MiB, 23034 MiB
5, 100 %, 21539 MiB, 23034 MiB
0, 100 %, 21539 MiB, 23034 MiB
1, 0 %, 0 MiB, 23034 MiB
2, 0 %, 0 MiB, 23034 MiB
3, 100 %, 21539 MiB, 23034 MiB
4, 100 %, 5344 MiB, 23034 MiB
5, 98 %, 21539 MiB, 23034 MiB
0, 62 %, 21539 MiB, 23034 MiB
1, 0 %, 0 MiB, 23034 MiB
2, 0 %, 0 MiB, 23034 MiB
3, 100 %, 21539 MiB, 23034 MiB
4, 100 %, 5344 MiB, 23034 MiB
5, 40 %, 21539 MiB, 23034 MiB
0, 57 %, 21539 MiB, 23034 MiB
1, 0 %, 0 MiB, 23034 MiB
2, 0 %, 0 MiB, 23034 MiB
3, 99 %, 21539 MiB, 23034 MiB
4, 100 %, 5344 MiB, 23034 MiB
5, 100 %, 21539 MiB, 23034 MiB
0, 80 %, 21539 MiB, 23034 MiB
1, 0 %, 0 MiB, 23034 MiB
2, 0 %, 0 MiB, 23034 MiB
3, 100 %, 21539 MiB, 23034 MiB
4, 100 %, 5344 MiB, 23034 MiB
5, 84 %, 21539 MiB, 23034 MiB
0, 75 %, 21539 MiB, 23034 MiB
1, 0 %, 0 MiB, 23034 MiB
2, 0 %, 0 MiB, 23034 MiB
3, 100 %, 21539 MiB, 23034 MiB
4, 100 %, 5344 MiB, 23034 MiB
5, 10 %, 21539 MiB, 23034 MiB
0, 100 %, 21539 MiB, 23034 MiB
1, 0 %, 0 MiB, 23034 MiB
2, 0 %, 0 MiB, 23034 MiB
3, 100 %, 21539 MiB, 23034 MiB
4, 100 %, 5344 MiB, 23034 MiB
5, 99 %, 21539 MiB, 23034 MiB
0, 100 %, 21539 MiB, 23034 MiB
1, 0 %, 0 MiB, 23034 MiB
2, 0 %, 0 MiB, 23034 MiB
3, 100 %, 21539 MiB, 23034 MiB
4, 100 %, 5344 MiB, 23034 MiB
5, 67 %, 21539 MiB, 23034 MiB
0, 100 %, 21539 MiB, 23034 MiB
1, 0 %, 0 MiB, 23034 MiB
2, 0 %, 0 MiB, 23034 MiB
3, 100 %, 21539 MiB, 23034 MiB
4, 100 %, 5344 MiB, 23034 MiB
5, 93 %, 21539 MiB, 23034 MiB
0, 100 %, 21539 MiB, 23034 MiB
1, 0 %, 0 MiB, 23034 MiB
2, 0 %, 0 MiB, 23034 MiB
3, 100 %, 21539 MiB, 23034 MiB
4, 100 %, 5344 MiB, 23034 MiB
5, 100 %, 21539 MiB, 23034 MiB
0, 5 %, 21539 MiB, 23034 MiB
1, 0 %, 0 MiB, 23034 MiB
2, 0 %, 0 MiB, 23034 MiB
3, 0 %, 21539 MiB, 23034 MiB
4, 100 %, 5344 MiB, 23034 MiB
5, 0 %, 21539 MiB, 23034 MiB
0, 0 %, 21539 MiB, 23034 MiB
1, 0 %, 0 MiB, 23034 MiB
2, 0 %, 0 MiB, 23034 MiB
3, 0 %, 21539 MiB, 23034 MiB
4, 100 %, 5344 MiB, 23034 MiB
5, 0 %, 21539 MiB, 23034 MiB
0, 0 %, 21539 MiB, 23034 MiB
1, 0 %, 0 MiB, 23034 MiB
2, 0 %, 0 MiB, 23034 MiB
3, 100 %, 21539 MiB, 23034 MiB
4, 100 %, 5344 MiB, 23034 MiB
5, 40 %, 21539 MiB, 23034 MiB
0, 3 %, 21539 MiB, 23034 MiB
1, 0 %, 0 MiB, 23034 MiB
2, 0 %, 0 MiB, 23034 MiB
3, 0 %, 21539 MiB, 23034 MiB
4, 68 %, 5344 MiB, 23034 MiB
5, 35 %, 21539 MiB, 23034 MiB
0, 100 %, 21539 MiB, 23034 MiB
1, 0 %, 0 MiB, 23034 MiB
2, 0 %, 0 MiB, 23034 MiB
3, 100 %, 21539 MiB, 23034 MiB
4, 0 %, 5344 MiB, 23034 MiB
5, 100 %, 21539 MiB, 23034 MiB
0, 100 %, 21539 MiB, 23034 MiB
1, 0 %, 0 MiB, 23034 MiB
2, 0 %, 0 MiB, 23034 MiB
3, 100 %, 21539 MiB, 23034 MiB
4, 0 %, 5344 MiB, 23034 MiB
5, 100 %, 21539 MiB, 23034 MiB
0, 100 %, 21539 MiB, 23034 MiB
1, 0 %, 0 MiB, 23034 MiB
2, 0 %, 0 MiB, 23034 MiB
3, 100 %, 21539 MiB, 23034 MiB
4, 7 %, 5344 MiB, 23034 MiB
5, 100 %, 21539 MiB, 23034 MiB
0, 93 %, 21539 MiB, 23034 MiB
1, 0 %, 0 MiB, 23034 MiB
2, 0 %, 0 MiB, 23034 MiB
3, 93 %, 21539 MiB, 23034 MiB
4, 62 %, 5344 MiB, 23034 MiB
5, 100 %, 21539 MiB, 23034 MiB
0, 66 %, 21539 MiB, 23034 MiB
1, 0 %, 0 MiB, 23034 MiB
2, 0 %, 0 MiB, 23034 MiB
3, 76 %, 21539 MiB, 23034 MiB
4, 100 %, 5344 MiB, 23034 MiB
5, 61 %, 21539 MiB, 23034 MiB
0, 100 %, 21539 MiB, 23034 MiB
1, 0 %, 0 MiB, 23034 MiB
2, 0 %, 0 MiB, 23034 MiB
3, 100 %, 21539 MiB, 23034 MiB
4, 100 %, 5344 MiB, 23034 MiB
5, 100 %, 21539 MiB, 23034 MiB
0, 98 %, 21539 MiB, 23034 MiB
1, 0 %, 0 MiB, 23034 MiB
2, 0 %, 0 MiB, 23034 MiB
3, 100 %, 21539 MiB, 23034 MiB
4, 100 %, 5344 MiB, 23034 MiB
5, 100 %, 21539 MiB, 23034 MiB
0, 100 %, 21539 MiB, 23034 MiB
1, 0 %, 0 MiB, 23034 MiB
2, 0 %, 0 MiB, 23034 MiB
3, 100 %, 21539 MiB, 23034 MiB
4, 100 %, 5344 MiB, 23034 MiB
5, 100 %, 21539 MiB, 23034 MiB
0, 100 %, 21539 MiB, 23034 MiB
1, 0 %, 0 MiB, 23034 MiB
2, 0 %, 0 MiB, 23034 MiB
3, 100 %, 21539 MiB, 23034 MiB
4, 100 %, 5344 MiB, 23034 MiB
5, 100 %, 21539 MiB, 23034 MiB
0, 100 %, 21539 MiB, 23034 MiB
1, 0 %, 0 MiB, 23034 MiB
2, 0 %, 0 MiB, 23034 MiB
3, 100 %, 21539 MiB, 23034 MiB
4, 100 %, 5344 MiB, 23034 MiB
5, 100 %, 21539 MiB, 23034 MiB
0, 52 %, 21539 MiB, 23034 MiB
1, 0 %, 0 MiB, 23034 MiB
2, 0 %, 0 MiB, 23034 MiB
3, 41 %, 21539 MiB, 23034 MiB
4, 100 %, 5344 MiB, 23034 MiB
5, 100 %, 21539 MiB, 23034 MiB
0, 99 %, 21539 MiB, 23034 MiB
1, 0 %, 0 MiB, 23034 MiB
2, 0 %, 0 MiB, 23034 MiB
3, 100 %, 21539 MiB, 23034 MiB
4, 100 %, 5344 MiB, 23034 MiB
5, 46 %, 21539 MiB, 23034 MiB
0, 100 %, 21539 MiB, 23034 MiB
1, 0 %, 0 MiB, 23034 MiB
2, 0 %, 0 MiB, 23034 MiB
3, 100 %, 21539 MiB, 23034 MiB
4, 100 %, 5344 MiB, 23034 MiB
5, 100 %, 21539 MiB, 23034 MiB
0, 96 %, 21539 MiB, 23034 MiB
1, 0 %, 0 MiB, 23034 MiB
2, 0 %, 0 MiB, 23034 MiB
3, 97 %, 21539 MiB, 23034 MiB
4, 100 %, 5344 MiB, 23034 MiB
5, 100 %, 21539 MiB, 23034 MiB
0, 100 %, 21539 MiB, 23034 MiB
1, 0 %, 0 MiB, 23034 MiB
2, 0 %, 0 MiB, 23034 MiB
3, 100 %, 21539 MiB, 23034 MiB
4, 100 %, 5344 MiB, 23034 MiB
5, 98 %, 21539 MiB, 23034 MiB
0, 100 %, 21539 MiB, 23034 MiB
1, 0 %, 0 MiB, 23034 MiB
2, 0 %, 0 MiB, 23034 MiB
3, 100 %, 21539 MiB, 23034 MiB
4, 100 %, 5344 MiB, 23034 MiB
5, 100 %, 21539 MiB, 23034 MiB
0, 54 %, 21539 MiB, 23034 MiB
1, 0 %, 0 MiB, 23034 MiB
2, 0 %, 0 MiB, 23034 MiB
3, 94 %, 21539 MiB, 23034 MiB
4, 100 %, 5344 MiB, 23034 MiB
5, 100 %, 21539 MiB, 23034 MiB
0, 100 %, 21539 MiB, 23034 MiB
1, 0 %, 0 MiB, 23034 MiB
2, 0 %, 0 MiB, 23034 MiB
3, 65 %, 21539 MiB, 23034 MiB
4, 100 %, 5344 MiB, 23034 MiB
5, 77 %, 21539 MiB, 23034 MiB
0, 100 %, 21539 MiB, 23034 MiB
1, 0 %, 0 MiB, 23034 MiB
2, 0 %, 0 MiB, 23034 MiB
3, 100 %, 21539 MiB, 23034 MiB
4, 100 %, 5344 MiB, 23034 MiB
5, 100 %, 21539 MiB, 23034 MiB
0, 97 %, 21539 MiB, 23034 MiB
1, 0 %, 0 MiB, 23034 MiB
2, 0 %, 0 MiB, 23034 MiB
3, 100 %, 21539 MiB, 23034 MiB
4, 100 %, 5344 MiB, 23034 MiB
5, 97 %, 21539 MiB, 23034 MiB
0, 100 %, 21539 MiB, 23034 MiB
1, 0 %, 0 MiB, 23034 MiB
2, 0 %, 0 MiB, 23034 MiB
3, 99 %, 21539 MiB, 23034 MiB
4, 100 %, 5344 MiB, 23034 MiB
5, 100 %, 21539 MiB, 23034 MiB
0, 100 %, 21539 MiB, 23034 MiB
1, 0 %, 0 MiB, 23034 MiB
2, 0 %, 0 MiB, 23034 MiB
3, 100 %, 21539 MiB, 23034 MiB
4, 100 %, 5344 MiB, 23034 MiB
5, 100 %, 21539 MiB, 23034 MiB
0, 100 %, 21539 MiB, 23034 MiB
1, 0 %, 0 MiB, 23034 MiB
2, 0 %, 0 MiB, 23034 MiB
3, 100 %, 21539 MiB, 23034 MiB
4, 100 %, 5344 MiB, 23034 MiB
5, 100 %, 21539 MiB, 23034 MiB
0, 100 %, 21539 MiB, 23034 MiB
1, 0 %, 0 MiB, 23034 MiB
2, 0 %, 0 MiB, 23034 MiB
3, 100 %, 21539 MiB, 23034 MiB
4, 100 %, 5344 MiB, 23034 MiB
5, 100 %, 21539 MiB, 23034 MiB
0, 51 %, 21539 MiB, 23034 MiB
1, 0 %, 0 MiB, 23034 MiB
2, 0 %, 0 MiB, 23034 MiB
3, 100 %, 21539 MiB, 23034 MiB
4, 100 %, 5344 MiB, 23034 MiB
5, 100 %, 21539 MiB, 23034 MiB
0, 97 %, 21539 MiB, 23034 MiB
1, 0 %, 0 MiB, 23034 MiB
2, 0 %, 0 MiB, 23034 MiB
3, 100 %, 21539 MiB, 23034 MiB
4, 100 %, 5344 MiB, 23034 MiB
5, 100 %, 21539 MiB, 23034 MiB
0, 100 %, 21539 MiB, 23034 MiB
1, 0 %, 0 MiB, 23034 MiB
2, 0 %, 0 MiB, 23034 MiB
3, 98 %, 21539 MiB, 23034 MiB
4, 100 %, 5344 MiB, 23034 MiB
5, 97 %, 21539 MiB, 23034 MiB
0, 100 %, 21539 MiB, 23034 MiB
1, 0 %, 0 MiB, 23034 MiB
2, 0 %, 0 MiB, 23034 MiB
3, 100 %, 21539 MiB, 23034 MiB
4, 100 %, 5344 MiB, 23034 MiB
5, 100 %, 21539 MiB, 23034 MiB
0, 100 %, 21539 MiB, 23034 MiB
1, 0 %, 0 MiB, 23034 MiB
2, 0 %, 0 MiB, 23034 MiB
3, 100 %, 21539 MiB, 23034 MiB
4, 100 %, 5344 MiB, 23034 MiB
5, 100 %, 21539 MiB, 23034 MiB
0, 100 %, 21539 MiB, 23034 MiB
1, 0 %, 0 MiB, 23034 MiB
2, 0 %, 0 MiB, 23034 MiB
3, 100 %, 21539 MiB, 23034 MiB
4, 100 %, 5344 MiB, 23034 MiB
5, 100 %, 21539 MiB, 23034 MiB
0, 86 %, 21539 MiB, 23034 MiB
1, 0 %, 0 MiB, 23034 MiB
2, 0 %, 0 MiB, 23034 MiB
3, 81 %, 21539 MiB, 23034 MiB
4, 100 %, 5344 MiB, 23034 MiB
5, 100 %, 21539 MiB, 23034 MiB
0, 85 %, 21539 MiB, 23034 MiB
1, 0 %, 0 MiB, 23034 MiB
2, 0 %, 0 MiB, 23034 MiB
3, 95 %, 21539 MiB, 23034 MiB
4, 100 %, 5344 MiB, 23034 MiB
5, 49 %, 21539 MiB, 23034 MiB
0, 100 %, 21539 MiB, 23034 MiB
1, 0 %, 0 MiB, 23034 MiB
2, 0 %, 0 MiB, 23034 MiB
3, 100 %, 21539 MiB, 23034 MiB
4, 100 %, 5344 MiB, 23034 MiB
5, 100 %, 21539 MiB, 23034 MiB
0, 99 %, 21539 MiB, 23034 MiB
1, 0 %, 0 MiB, 23034 MiB
2, 0 %, 0 MiB, 23034 MiB
3, 97 %, 21539 MiB, 23034 MiB
4, 100 %, 5344 MiB, 23034 MiB
5, 100 %, 21539 MiB, 23034 MiB
0, 100 %, 21539 MiB, 23034 MiB
1, 0 %, 0 MiB, 23034 MiB
2, 0 %, 0 MiB, 23034 MiB
3, 100 %, 21539 MiB, 23034 MiB
4, 100 %, 5344 MiB, 23034 MiB
5, 96 %, 21539 MiB, 23034 MiB
MiB, 23034 MiB
4, 100 %, 5344 MiB, 23034 MiB
5, 100 %, 21539 MiB, 23034 MiB
0, 97 %, 21539 MiB, 23034 MiB
1, 0 %, 0 MiB, 23034 MiB
2, 0 %, 0 MiB, 23034 MiB
3, 100 %, 21539 MiB, 23034 MiB
4, 100 %, 5344 MiB, 23034 MiB
5, 100 %, 21539 MiB, 23034 MiB
0, 100 %, 21539 MiB, 23034 MiB
1, 0 %, 0 MiB, 23034 MiB
2, 0 %, 0 MiB, 23034 MiB
3, 98 %, 21539 MiB, 23034 MiB
4, 100 %, 5344 MiB, 23034 MiB
5, 97 %, 21539 MiB, 23034 MiB
0, 100 %, 21539 MiB, 23034 MiB
1, 0 %, 0 MiB, 23034 MiB
2, 0 %, 0 MiB, 23034 MiB
3, 100 %, 21539 MiB, 23034 MiB
4, 100 %, 5344 MiB, 23034 MiB
5, 100 %, 21539 MiB, 23034 MiB
0, 100 %, 21539 MiB, 23034 MiB
1, 0 %, 0 MiB, 23034 MiB
2, 0 %, 0 MiB, 23034 MiB
3, 100 %, 21539 MiB, 23034 MiB
4, 100 %, 5344 MiB, 23034 MiB
5, 100 %, 21539 MiB, 23034 MiB
0, 100 %, 21539 MiB, 23034 MiB
1, 0 %, 0 MiB, 23034 MiB
2, 0 %, 0 MiB, 23034 MiB
3, 100 %, 21539 MiB, 23034 MiB
4, 100 %, 5344 MiB, 23034 MiB
5, 100 %, 21539 MiB, 23034 MiB
0, 86 %, 21539 MiB, 23034 MiB
1, 0 %, 0 MiB, 23034 MiB
2, 0 %, 0 MiB, 23034 MiB
3, 81 %, 21539 MiB, 23034 MiB
4, 100 %, 5344 MiB, 23034 MiB
5, 100 %, 21539 MiB, 23034 MiB
0, 85 %, 21539 MiB, 23034 MiB
1, 0 %, 0 MiB, 23034 MiB
2, 0 %, 0 MiB, 23034 MiB
3, 95 %, 21539 MiB, 23034 MiB
4, 100 %, 5344 MiB, 23034 MiB
5, 49 %, 21539 MiB, 23034 MiB
0, 100 %, 21539 MiB, 23034 MiB
1, 0 %, 0 MiB, 23034 MiB
2, 0 %, 0 MiB, 23034 MiB
3, 100 %, 21539 MiB, 23034 MiB
4, 100 %, 5344 MiB, 23034 MiB
5, 100 %, 21539 MiB, 23034 MiB
0, 99 %, 21539 MiB, 23034 MiB
1, 0 %, 0 MiB, 23034 MiB
2, 0 %, 0 MiB, 23034 MiB
3, 97 %, 21539 MiB, 23034 MiB
4, 100 %, 5344 MiB, 23034 MiB
5, 100 %, 21539 MiB, 23034 MiB
0, 100 %, 21539 MiB, 23034 MiB
1, 0 %, 0 MiB, 23034 MiB
2, 0 %, 0 MiB, 23034 MiB
3, 100 %, 21539 MiB, 23034 MiB
4, 100 %, 5344 MiB, 23034 MiB
5, 96 %, 21539 MiB, 23034 MiB
